-- phpMyAdmin SQL Dump
-- version 5.2.0
-- https://www.phpmyadmin.net/
--
-- Host: 127.0.0.1
-- Generation Time: Dec 09, 2022 at 03:16 AM
-- Server version: 10.4.25-MariaDB
-- PHP Version: 8.1.10

SET SQL_MODE = "NO_AUTO_VALUE_ON_ZERO";
START TRANSACTION;
SET time_zone = "+00:00";


/*!40101 SET @OLD_CHARACTER_SET_CLIENT=@@CHARACTER_SET_CLIENT */;
/*!40101 SET @OLD_CHARACTER_SET_RESULTS=@@CHARACTER_SET_RESULTS */;
/*!40101 SET @OLD_COLLATION_CONNECTION=@@COLLATION_CONNECTION */;
/*!40101 SET NAMES utf8mb4 */;

--
-- Database: `ups`
--

-- --------------------------------------------------------

--
-- Table structure for table `cluster`
--

CREATE TABLE `cluster` (
  `clusterName` varchar(12) NOT NULL,
  `vCenter` varchar(12) NOT NULL,
  `totalHost` int(11) NOT NULL,
  `totalPysicalCores` int(11) NOT NULL,
  `totalVMs` int(11) NOT NULL,
  `totalPoweredOnVMs` int(11) NOT NULL,
  `totalCPUsAllocated` int(11) NOT NULL,
  `totalCPUsAvailable` int(11) NOT NULL,
  `totalMemory` int(11) NOT NULL,
  `totalMemoryUsed` int(11) NOT NULL
) ENGINE=InnoDB DEFAULT CHARSET=utf8mb4;

--
-- Dumping data for table `cluster`
--

INSERT INTO `cluster` (`clusterName`, `vCenter`, `totalHost`, `totalPysicalCores`, `totalVMs`, `totalPoweredOnVMs`, `totalCPUsAllocated`, `totalCPUsAvailable`, `totalMemory`, `totalMemoryUsed`) VALUES
('Cluster_001', 'vCenter_001', 5, 80, 17, 17, 73, 160, 2288, 661),
('Cluster_002', 'vCenter_001', 4, 64, 12, 12, 53, 128, 1682, 402),
('Cluster_003', 'vCenter_001', 3, 48, 12, 12, 53, 96, 1680, 434),
('Cluster_004', 'vCenter_001', 3, 48, 11, 11, 49, 96, 1680, 460),
('Cluster_005', 'vCenter_001', 3, 48, 13, 13, 57, 96, 1680, 534),
('Cluster_006', 'vCenter_001', 3, 48, 11, 11, 49, 96, 1680, 468),
('Cluster_007', 'vCenter_001', 4, 64, 13, 13, 69, 128, 2240, 710),
('Cluster_008', 'vCenter_001', 3, 48, 11, 11, 49, 96, 1680, 469),
('Cluster_009', 'vCenter_001', 3, 48, 11, 11, 49, 96, 1680, 460),
('Cluster_010', 'vCenter_001', 3, 48, 11, 11, 49, 96, 1680, 440),
('Cluster_011', 'vCenter_001', 3, 48, 11, 11, 49, 96, 1680, 468),
('Cluster_012', 'vCenter_001', 3, 48, 11, 11, 49, 96, 1680, 444),
('Cluster_013', 'vCenter_001', 3, 48, 11, 11, 49, 96, 1680, 461),
('Cluster_014', 'vCenter_001', 3, 48, 11, 11, 49, 96, 1680, 430),
('Cluster_015', 'vCenter_001', 3, 48, 11, 11, 49, 96, 1680, 457),
('Cluster_016', 'vCenter_001', 3, 48, 12, 12, 53, 96, 1680, 408),
('Cluster_017', 'vCenter_001', 3, 48, 12, 12, 53, 96, 1680, 447),
('Cluster_018', 'vCenter_001', 3, 48, 11, 11, 49, 96, 1680, 432),
('Cluster_019', 'vCenter_001', 3, 48, 11, 11, 49, 96, 1680, 450),
('Cluster_020', 'vCenter_001', 3, 48, 11, 11, 49, 96, 1680, 435),
('Cluster_021', 'vCenter_001', 3, 48, 11, 11, 49, 96, 1680, 432),
('Cluster_022', 'vCenter_001', 3, 48, 11, 11, 49, 96, 1680, 466),
('Cluster_023', 'vCenter_001', 3, 48, 11, 11, 49, 96, 1680, 450),
('Cluster_024', 'vCenter_001', 3, 48, 12, 12, 53, 96, 1680, 434),
('Cluster_025', 'vCenter_001', 3, 48, 11, 11, 49, 96, 1680, 433),
('Cluster_026', 'vCenter_001', 3, 48, 11, 11, 49, 96, 1680, 469),
('Cluster_027', 'vCenter_002', 3, 48, 11, 11, 49, 96, 1680, 424),
('Cluster_028', 'vCenter_002', 3, 48, 11, 11, 49, 96, 1680, 426),
('Cluster_029', 'vCenter_002', 3, 48, 11, 11, 49, 96, 1680, 437),
('Cluster_030', 'vCenter_002', 3, 48, 13, 13, 57, 96, 1680, 492),
('Cluster_031', 'vCenter_002', 4, 64, 13, 12, 69, 128, 2240, 721),
('Cluster_032', 'vCenter_002', 3, 48, 14, 14, 59, 96, 1700, 481),
('Cluster_033', 'vCenter_002', 4, 64, 13, 13, 69, 128, 2240, 711),
('Cluster_034', 'vCenter_002', 4, 64, 16, 16, 77, 128, 2240, 729),
('Cluster_035', 'vCenter_002', 3, 48, 14, 14, 71, 96, 1680, 660),
('Cluster_036', 'vCenter_002', 3, 48, 13, 13, 57, 96, 1680, 504),
('Cluster_037', 'vCenter_002', 3, 48, 11, 11, 49, 96, 1680, 460),
('Cluster_038', 'vCenter_002', 3, 48, 12, 12, 53, 96, 1680, 476),
('Cluster_039', 'vCenter_002', 3, 48, 12, 12, 51, 96, 1680, 473),
('Cluster_040', 'vCenter_002', 3, 48, 11, 11, 49, 96, 1680, 463),
('Cluster_041', 'vCenter_002', 3, 48, 12, 12, 53, 96, 1680, 417),
('Cluster_042', 'vCenter_002', 3, 48, 14, 14, 51, 96, 1680, 451),
('Cluster_043', 'vCenter_002', 5, 80, 16, 16, 85, 160, 2810, 905),
('Cluster_044', 'vCenter_002', 4, 64, 11, 11, 61, 128, 2240, 569),
('Cluster_045', 'vCenter_002', 4, 64, 11, 11, 61, 128, 2240, 644),
('Cluster_046', 'vCenter_002', 4, 64, 11, 11, 61, 128, 2240, 607),
('Cluster_047', 'vCenter_002', 3, 48, 13, 13, 49, 96, 1680, 436),
('Cluster_048', 'vCenter_002', 3, 48, 14, 14, 51, 96, 1680, 454),
('Cluster_049', 'vCenter_002', 4, 64, 13, 13, 69, 128, 2240, 698),
('Cluster_050', 'vCenter_002', 3, 48, 14, 14, 59, 96, 1680, 537),
('Cluster_051', 'vCenter_002', 4, 64, 13, 13, 69, 128, 2240, 747),
('Cluster_052', 'vCenter_002', 3, 48, 13, 13, 57, 96, 1680, 515),
('Cluster_053', 'vCenter_002', 4, 64, 13, 13, 69, 128, 2240, 717),
('Cluster_054', 'vCenter_003', 3, 48, 11, 11, 49, 96, 1680, 470),
('Cluster_055', 'vCenter_003', 3, 48, 12, 12, 53, 96, 1680, 433),
('Cluster_056', 'vCenter_003', 4, 64, 11, 11, 61, 128, 2240, 640),
('Cluster_057', 'vCenter_003', 3, 48, 12, 12, 53, 96, 1680, 444),
('Cluster_058', 'vCenter_003', 4, 64, 13, 0, 77, 128, 2240, 446),
('Cluster_059', 'vCenter_003', 3, 48, 11, 11, 49, 96, 1680, 447),
('Cluster_060', 'vCenter_003', 3, 48, 11, 11, 49, 96, 1680, 455),
('Cluster_061', 'vCenter_003', 3, 48, 11, 11, 49, 96, 1680, 451),
('Cluster_062', 'vCenter_003', 3, 48, 11, 11, 49, 96, 1680, 463),
('Cluster_063', 'vCenter_003', 3, 48, 11, 11, 49, 96, 1680, 454),
('Cluster_064', 'vCenter_003', 3, 48, 11, 11, 49, 96, 1680, 463),
('Cluster_065', 'vCenter_003', 3, 48, 11, 11, 49, 96, 1680, 454),
('Cluster_066', 'vCenter_003', 3, 48, 11, 11, 49, 96, 1680, 428),
('Cluster_067', 'vCenter_003', 3, 48, 11, 11, 49, 96, 1680, 438),
('Cluster_068', 'vCenter_003', 3, 48, 12, 12, 53, 96, 1680, 431),
('Cluster_069', 'vCenter_003', 3, 48, 11, 11, 49, 96, 1680, 447),
('Cluster_070', 'vCenter_003', 3, 48, 11, 11, 49, 96, 1680, 447),
('Cluster_071', 'vCenter_003', 3, 48, 11, 11, 49, 96, 1680, 441),
('Cluster_072', 'vCenter_003', 3, 48, 11, 11, 49, 96, 1680, 441),
('Cluster_073', 'vCenter_003', 3, 48, 11, 11, 49, 96, 1680, 388),
('Cluster_074', 'vCenter_003', 3, 48, 12, 12, 53, 96, 1680, 442),
('Cluster_075', 'vCenter_003', 3, 48, 11, 11, 49, 96, 1680, 448),
('Cluster_076', 'vCenter_003', 3, 48, 11, 11, 49, 96, 1680, 455),
('Cluster_077', 'vCenter_003', 3, 48, 11, 11, 49, 96, 1680, 454),
('Cluster_078', 'vCenter_003', 3, 48, 11, 11, 49, 96, 1680, 439),
('Cluster_079', 'vCenter_003', 3, 48, 11, 11, 49, 96, 1700, 439);

-- --------------------------------------------------------

--
-- Table structure for table `server`
--

CREATE TABLE `server` (
  `serverName` varchar(12) NOT NULL,
  `parentCluster` varchar(12) NOT NULL,
  `parentCenter` varchar(12) NOT NULL,
  `isPowered` tinyint(1) NOT NULL,
  `guestOS` varchar(60) DEFAULT NULL,
  `ipAddress` varchar(16) DEFAULT NULL,
  `vCPU` int(11) NOT NULL,
  `memory` int(11) NOT NULL,
  `diskSpace` int(11) NOT NULL,
  `hardware` varchar(40) NOT NULL,
  `toolsStaus` varchar(100) NOT NULL,
  `toolsState` varchar(100) NOT NULL,
  `toolsVersion` varchar(16) NOT NULL
) ENGINE=InnoDB DEFAULT CHARSET=utf8mb4;

--
-- Dumping data for table `server`
--

INSERT INTO `server` (`serverName`, `parentCluster`, `parentCenter`, `isPowered`, `guestOS`, `ipAddress`, `vCPU`, `memory`, `diskSpace`, `hardware`, `toolsStaus`, `toolsState`, `toolsVersion`) VALUES
('Winsvr00001', 'Cluster_001', 'vCenter_001', 1, 'Microsoft Windows Server 2016 or later (64-bit)', '10.50.242.90', 8, 64, 900, 'vmx-13', 'Guest Tools Running', 'Guest Tools Supported New', '12.1.0'),
('Winsvr00002', 'Cluster_001', 'vCenter_001', 1, 'Microsoft Windows Server 2016 or later (64-bit)', '10.50.242.91', 6, 64, 800, 'vmx-13', 'Guest Tools Running', 'Guest Tools Supported New', '12.1.0'),
('Winsvr00003', 'Cluster_001', 'vCenter_001', 1, 'Microsoft Windows Server 2016 or later (64-bit)', '10.50.242.88', 12, 64, 500, 'vmx-13', 'Guest Tools Running', 'Guest Tools Supported New', '12.1.0'),
('Winsvr00004', 'Cluster_001', 'vCenter_001', 1, 'Microsoft Windows Server 2016 or later (64-bit)', '10.50.242.89', 4, 32, 300, 'vmx-13', 'Guest Tools Running', 'Guest Tools Supported New', '12.1.0'),
('Winsvr00005', 'Cluster_001', 'vCenter_001', 1, 'Microsoft Windows Server 2016 or later (64-bit)', '10.50.242.87', 4, 32, 300, 'vmx-13', 'Guest Tools Running', 'Guest Tools Supported New', '12.1.0'),
('Winsvr00006', 'Cluster_001', 'vCenter_001', 1, 'Microsoft Windows Server 2016 or later (64-bit)', '10.50.242.85', 4, 32, 550, 'vmx-13', 'Guest Tools Running', 'Guest Tools Supported New', '12.1.0'),
('Winsvr00007', 'Cluster_001', 'vCenter_001', 1, 'Microsoft Windows Server 2016 or later (64-bit)', '10.50.242.86', 4, 32, 1200, 'vmx-13', 'Guest Tools Running', 'Guest Tools Supported New', '12.1.0'),
('Winsvr00008', 'Cluster_001', 'vCenter_001', 1, 'Microsoft Windows Server 2016 or later (64-bit)', '10.50.242.124', 4, 32, 400, 'vmx-13', 'Guest Tools Running', 'Guest Tools Supported New', '12.1.0'),
('Winsvr00009', 'Cluster_001', 'vCenter_001', 1, 'Microsoft Windows Server 2016 or later (64-bit)', '10.50.242.125', 4, 32, 400, 'vmx-13', 'Guest Tools Running', 'Guest Tools Supported New', '12.1.0'),
('Winsvr00010', 'Cluster_001', 'vCenter_001', 1, 'Microsoft Windows Server 2016 or later (64-bit)', '10.50.242.50', 2, 8, 300, 'vmx-13', 'Guest Tools Running', 'Guest Tools Supported New', '12.1.0'),
('Winsvr00011', 'Cluster_001', 'vCenter_001', 1, 'Microsoft Windows Server 2016 or later (64-bit)', '10.50.242.9', 2, 8, 300, 'vmx-13', 'Guest Tools Running', 'Guest Tools Supported New', '12.1.0'),
('Winsvr00012', 'Cluster_002', 'vCenter_001', 1, 'Microsoft Windows Server 2016 or later (64-bit)', '10.190.188.146', 8, 64, 900, 'vmx-13', 'Guest Tools Running', 'Guest Tools Supported New', '12.1.0'),
('Winsvr00013', 'Cluster_002', 'vCenter_001', 1, 'Microsoft Windows Server 2016 or later (64-bit)', '10.190.188.147', 6, 64, 625, 'vmx-13', 'Guest Tools Running', 'Guest Tools Supported New', '12.1.0'),
('Winsvr00014', 'Cluster_002', 'vCenter_001', 1, 'Microsoft Windows Server 2016 or later (64-bit)', '10.190.188.144', 6, 32, 500, 'vmx-13', 'Guest Tools Running', 'Guest Tools Supported New', '12.1.0'),
('Winsvr00015', 'Cluster_002', 'vCenter_001', 1, 'Microsoft Windows Server 2016 or later (64-bit)', '10.190.188.145', 4, 32, 300, 'vmx-13', 'Guest Tools Running', 'Guest Tools Supported New', '12.1.0'),
('Winsvr00016', 'Cluster_002', 'vCenter_001', 1, 'Microsoft Windows Server 2016 or later (64-bit)', '10.190.188.143', 4, 32, 300, 'vmx-13', 'Guest Tools Running', 'Guest Tools Supported New', '12.1.0'),
('Winsvr00017', 'Cluster_002', 'vCenter_001', 1, 'Microsoft Windows Server 2016 or later (64-bit)', '10.190.188.141', 4, 32, 550, 'vmx-13', 'Guest Tools Running', 'Guest Tools Supported New', '12.1.0'),
('Winsvr00018', 'Cluster_002', 'vCenter_001', 1, 'Microsoft Windows Server 2016 or later (64-bit)', '10.190.188.142', 4, 32, 1200, 'vmx-13', 'Guest Tools Running', 'Guest Tools Supported New', '12.1.0'),
('Winsvr00019', 'Cluster_002', 'vCenter_001', 1, 'Microsoft Windows Server 2016 or later (64-bit)', '10.190.188.152', 4, 32, 550, 'vmx-14', 'Guest Tools Running', 'Guest Tools Supported New', '12.1.0'),
('Winsvr00020', 'Cluster_003', 'vCenter_001', 1, 'Microsoft Windows Server 2016 or later (64-bit)', '10.70.188.163', 8, 64, 900, 'vmx-13', 'Guest Tools Running', 'Guest Tools Supported New', '12.1.0'),
('Winsvr00021', 'Cluster_003', 'vCenter_001', 1, 'Microsoft Windows Server 2016 or later (64-bit)', '10.70.188.164', 6, 64, 625, 'vmx-13', 'Guest Tools Running', 'Guest Tools Supported New', '12.1.0'),
('Winsvr00022', 'Cluster_003', 'vCenter_001', 1, 'Microsoft Windows Server 2016 or later (64-bit)', '10.70.188.161', 6, 32, 500, 'vmx-13', 'Guest Tools Running', 'Guest Tools Supported New', '12.1.0'),
('Winsvr00023', 'Cluster_003', 'vCenter_001', 1, 'Microsoft Windows Server 2016 or later (64-bit)', '10.70.188.162', 4, 32, 300, 'vmx-13', 'Guest Tools Running', 'Guest Tools Supported New', '12.1.0'),
('Winsvr00024', 'Cluster_003', 'vCenter_001', 1, 'Microsoft Windows Server 2016 or later (64-bit)', '10.70.188.160', 4, 32, 300, 'vmx-13', 'Guest Tools Running', 'Guest Tools Supported New', '12.1.0'),
('Winsvr00025', 'Cluster_003', 'vCenter_001', 1, 'Microsoft Windows Server 2016 or later (64-bit)', '10.70.188.158', 4, 32, 550, 'vmx-13', 'Guest Tools Running', 'Guest Tools Supported New', '12.1.0'),
('Winsvr00026', 'Cluster_003', 'vCenter_001', 1, 'Microsoft Windows Server 2016 or later (64-bit)', '10.70.188.159', 4, 32, 1200, 'vmx-13', 'Guest Tools Running', 'Guest Tools Supported New', '12.1.0'),
('Winsvr00027', 'Cluster_003', 'vCenter_001', 1, 'Microsoft Windows Server 2016 or later (64-bit)', '10.70.188.100', 4, 32, 550, 'vmx-14', 'Guest Tools Running', 'Guest Tools Supported New', '12.1.0'),
('Winsvr00028', 'Cluster_004', 'vCenter_001', 1, 'Microsoft Windows Server 2016 or later (64-bit)', '10.87.183.227', 8, 64, 900, 'vmx-13', 'Guest Tools Running', 'Guest Tools Supported New', '12.1.0'),
('Winsvr00029', 'Cluster_004', 'vCenter_001', 1, 'Microsoft Windows Server 2016 or later (64-bit)', '10.87.183.228', 6, 64, 625, 'vmx-13', 'Guest Tools Running', 'Guest Tools Supported New', '12.1.0'),
('Winsvr00030', 'Cluster_004', 'vCenter_001', 1, 'Microsoft Windows Server 2016 or later (64-bit)', '10.87.183.225', 6, 32, 500, 'vmx-13', 'Guest Tools Running', 'Guest Tools Supported New', '12.1.0'),
('Winsvr00031', 'Cluster_004', 'vCenter_001', 1, 'Microsoft Windows Server 2016 or later (64-bit)', '10.87.183.226', 4, 32, 300, 'vmx-13', 'Guest Tools Running', 'Guest Tools Supported New', '12.1.0'),
('Winsvr00032', 'Cluster_004', 'vCenter_001', 1, 'Microsoft Windows Server 2016 or later (64-bit)', '10.87.183.224', 4, 32, 300, 'vmx-13', 'Guest Tools Running', 'Guest Tools Supported New', '12.1.0'),
('Winsvr00033', 'Cluster_004', 'vCenter_001', 1, 'Microsoft Windows Server 2016 or later (64-bit)', '10.87.180.253', 4, 32, 550, 'vmx-13', 'Guest Tools Running', 'Guest Tools Supported New', '12.1.0'),
('Winsvr00034', 'Cluster_004', 'vCenter_001', 1, 'Microsoft Windows Server 2016 or later (64-bit)', '10.87.180.254', 4, 32, 1200, 'vmx-13', 'Guest Tools Running', 'Guest Tools Supported New', '12.1.0'),
('Winsvr00035', 'Cluster_005', 'vCenter_001', 1, 'Microsoft Windows Server 2016 or later (64-bit)', '10.191.232.158', 4, 32, 400, 'vmx-13', 'Guest Tools Running', 'Guest Tools Supported New', '12.1.0'),
('Winsvr00036', 'Cluster_005', 'vCenter_001', 1, 'Microsoft Windows Server 2016 or later (64-bit)', '10.191.232.159', 4, 32, 400, 'vmx-13', 'Guest Tools Running', 'Guest Tools Supported New', '12.1.0'),
('Winsvr00037', 'Cluster_005', 'vCenter_001', 1, 'Microsoft Windows Server 2016 or later (64-bit)', '10.191.239.39', 8, 64, 900, 'vmx-13', 'Guest Tools Running', 'Guest Tools Supported New', '12.1.0'),
('Winsvr00038', 'Cluster_005', 'vCenter_001', 1, 'Microsoft Windows Server 2016 or later (64-bit)', '10.191.239.40', 6, 64, 625, 'vmx-13', 'Guest Tools Running', 'Guest Tools Supported New', '12.1.0'),
('Winsvr00039', 'Cluster_005', 'vCenter_001', 1, 'Microsoft Windows Server 2016 or later (64-bit)', '10.191.239.37', 6, 32, 500, 'vmx-13', 'Guest Tools Running', 'Guest Tools Supported New', '12.1.0'),
('Winsvr00040', 'Cluster_005', 'vCenter_001', 1, 'Microsoft Windows Server 2016 or later (64-bit)', '10.191.239.38', 4, 32, 300, 'vmx-13', 'Guest Tools Running', 'Guest Tools Supported New', '12.1.0'),
('Winsvr00041', 'Cluster_005', 'vCenter_001', 1, 'Microsoft Windows Server 2016 or later (64-bit)', '10.191.239.36', 4, 32, 300, 'vmx-13', 'Guest Tools Running', 'Guest Tools Supported New', '12.1.0'),
('Winsvr00042', 'Cluster_005', 'vCenter_001', 1, 'Microsoft Windows Server 2016 or later (64-bit)', '10.191.239.34', 4, 32, 550, 'vmx-13', 'Guest Tools Running', 'Guest Tools Supported New', '12.1.0'),
('Winsvr00043', 'Cluster_005', 'vCenter_001', 1, 'Microsoft Windows Server 2016 or later (64-bit)', '10.191.239.35', 4, 32, 1200, 'vmx-13', 'Guest Tools Running', 'Guest Tools Supported New', '12.1.0'),
('Winsvr00044', 'Cluster_006', 'vCenter_001', 1, 'Microsoft Windows Server 2016 or later (64-bit)', '10.177.60.109', 8, 64, 900, 'vmx-13', 'Guest Tools Running', 'Guest Tools Supported New', '12.1.0'),
('Winsvr00045', 'Cluster_006', 'vCenter_001', 1, 'Microsoft Windows Server 2016 or later (64-bit)', '10.177.60.110', 6, 64, 665, 'vmx-13', 'Guest Tools Running', 'Guest Tools Supported New', '12.1.0'),
('Winsvr00046', 'Cluster_006', 'vCenter_001', 1, 'Microsoft Windows Server 2016 or later (64-bit)', '10.177.60.102', 6, 32, 500, 'vmx-13', 'Guest Tools Running', 'Guest Tools Supported New', '12.1.0'),
('Winsvr00047', 'Cluster_006', 'vCenter_001', 1, 'Microsoft Windows Server 2016 or later (64-bit)', '10.177.60.103', 4, 32, 300, 'vmx-13', 'Guest Tools Running', 'Guest Tools Supported New', '12.1.0'),
('Winsvr00048', 'Cluster_006', 'vCenter_001', 1, 'Microsoft Windows Server 2016 or later (64-bit)', '10.177.60.101', 4, 32, 300, 'vmx-13', 'Guest Tools Running', 'Guest Tools Supported New', '12.1.0'),
('Winsvr00049', 'Cluster_006', 'vCenter_001', 1, 'Microsoft Windows Server 2016 or later (64-bit)', '10.177.60.99', 4, 32, 550, 'vmx-13', 'Guest Tools Running', 'Guest Tools Supported New', '12.1.0'),
('Winsvr00050', 'Cluster_006', 'vCenter_001', 1, 'Microsoft Windows Server 2016 or later (64-bit)', '10.177.60.100', 4, 32, 1200, 'vmx-13', 'Guest Tools Running', 'Guest Tools Supported New', '12.1.0'),
('Winsvr00051', 'Cluster_007', 'vCenter_001', 1, 'Microsoft Windows Server 2016 or later (64-bit)', '10.191.216.71', 4, 32, 400, 'vmx-13', 'Guest Tools Running', 'Guest Tools Supported New', '12.1.0'),
('Winsvr00052', 'Cluster_007', 'vCenter_001', 1, 'Microsoft Windows Server 2016 or later (64-bit)', '10.191.216.72', 4, 32, 400, 'vmx-13', 'Guest Tools Running', 'Guest Tools Supported New', '12.1.0'),
('Winsvr00053', 'Cluster_007', 'vCenter_001', 1, 'Microsoft Windows Server 2016 or later (64-bit)', '10.191.216.240', 12, 128, 1305, 'vmx-13', 'Guest Tools Running', 'Guest Tools Supported New', '12.1.0'),
('Winsvr00054', 'Cluster_007', 'vCenter_001', 1, 'Microsoft Windows Server 2016 or later (64-bit)', '10.191.216.242', 8, 128, 1050, 'vmx-13', 'Guest Tools Running', 'Guest Tools Supported New', '12.1.0'),
('Winsvr00055', 'Cluster_007', 'vCenter_001', 1, 'Microsoft Windows Server 2016 or later (64-bit)', '10.191.216.127', 8, 64, 700, 'vmx-13', 'Guest Tools Running', 'Guest Tools Supported New', '12.1.0'),
('Winsvr00056', 'Cluster_007', 'vCenter_001', 1, 'Microsoft Windows Server 2016 or later (64-bit)', '10.191.216.147', 6, 32, 300, 'vmx-13', 'Guest Tools Running', 'Guest Tools Supported New', '12.1.0'),
('Winsvr00057', 'Cluster_007', 'vCenter_001', 1, 'Microsoft Windows Server 2016 or later (64-bit)', '10.191.216.88', 4, 32, 300, 'vmx-13', 'Guest Tools Running', 'Guest Tools Supported New', '12.1.0'),
('Winsvr00058', 'Cluster_007', 'vCenter_001', 1, 'Microsoft Windows Server 2016 or later (64-bit)', '10.191.216.85', 6, 32, 550, 'vmx-13', 'Guest Tools Running', 'Guest Tools Supported New', '12.0.5'),
('Winsvr00059', 'Cluster_007', 'vCenter_001', 1, 'Microsoft Windows Server 2016 or later (64-bit)', '10.191.216.87', 4, 32, 1200, 'vmx-13', 'Guest Tools Running', 'Guest Tools Supported New', '12.1.0'),
('Winsvr00060', 'Cluster_008', 'vCenter_001', 1, 'Microsoft Windows Server 2016 or later (64-bit)', '10.19.104.142', 8, 64, 900, 'vmx-13', 'Guest Tools Running', 'Guest Tools Supported New', '12.1.0'),
('Winsvr00061', 'Cluster_008', 'vCenter_001', 1, 'Microsoft Windows Server 2016 or later (64-bit)', '10.19.104.143', 6, 64, 625, 'vmx-13', 'Guest Tools Running', 'Guest Tools Supported New', '12.1.0'),
('Winsvr00062', 'Cluster_008', 'vCenter_001', 1, 'Microsoft Windows Server 2016 or later (64-bit)', '10.19.104.140', 6, 32, 500, 'vmx-13', 'Guest Tools Running', 'Guest Tools Supported New', '12.1.0'),
('Winsvr00063', 'Cluster_008', 'vCenter_001', 1, 'Microsoft Windows Server 2016 or later (64-bit)', '10.19.104.141', 4, 32, 300, 'vmx-13', 'Guest Tools Running', 'Guest Tools Supported New', '12.1.0'),
('Winsvr00064', 'Cluster_008', 'vCenter_001', 1, 'Microsoft Windows Server 2016 or later (64-bit)', '10.19.104.101', 4, 32, 300, 'vmx-13', 'Guest Tools Running', 'Guest Tools Supported New', '12.1.0'),
('Winsvr00065', 'Cluster_008', 'vCenter_001', 1, 'Microsoft Windows Server 2016 or later (64-bit)', '10.19.104.85', 4, 32, 550, 'vmx-13', 'Guest Tools Running', 'Guest Tools Supported New', '12.1.0'),
('Winsvr00066', 'Cluster_008', 'vCenter_001', 1, 'Microsoft Windows Server 2016 or later (64-bit)', '10.19.104.86', 4, 32, 1200, 'vmx-13', 'Guest Tools Running', 'Guest Tools Supported New', '12.1.0'),
('Winsvr00067', 'Cluster_009', 'vCenter_001', 1, 'Microsoft Windows Server 2016 or later (64-bit)', '10.52.220.193', 8, 64, 900, 'vmx-13', 'Guest Tools Running', 'Guest Tools Supported New', '12.1.0'),
('Winsvr00068', 'Cluster_009', 'vCenter_001', 1, 'Microsoft Windows Server 2016 or later (64-bit)', '10.52.220.194', 6, 64, 625, 'vmx-13', 'Guest Tools Running', 'Guest Tools Supported New', '12.1.0'),
('Winsvr00069', 'Cluster_009', 'vCenter_001', 1, 'Microsoft Windows Server 2016 or later (64-bit)', '10.52.220.191', 6, 32, 500, 'vmx-13', 'Guest Tools Running', 'Guest Tools Supported New', '12.1.0'),
('Winsvr00070', 'Cluster_009', 'vCenter_001', 1, 'Microsoft Windows Server 2016 or later (64-bit)', '10.52.220.192', 4, 32, 300, 'vmx-13', 'Guest Tools Running', 'Guest Tools Supported New', '12.1.0'),
('Winsvr00071', 'Cluster_009', 'vCenter_001', 1, 'Microsoft Windows Server 2016 or later (64-bit)', '10.52.220.189', 4, 32, 300, 'vmx-13', 'Guest Tools Running', 'Guest Tools Supported New', '12.1.0'),
('Winsvr00072', 'Cluster_009', 'vCenter_001', 1, 'Microsoft Windows Server 2016 or later (64-bit)', '10.52.220.97', 4, 32, 550, 'vmx-13', 'Guest Tools Running', 'Guest Tools Supported New', '12.1.0'),
('Winsvr00073', 'Cluster_009', 'vCenter_001', 1, 'Microsoft Windows Server 2016 or later (64-bit)', '10.52.220.98', 4, 32, 1200, 'vmx-13', 'Guest Tools Running', 'Guest Tools Supported New', '12.1.0'),
('Winsvr00074', 'Cluster_010', 'vCenter_001', 1, 'Microsoft Windows Server 2016 or later (64-bit)', '10.69.60.140', 8, 64, 900, 'vmx-13', 'Guest Tools Running', 'Guest Tools Supported New', '12.1.0'),
('Winsvr00075', 'Cluster_010', 'vCenter_001', 1, 'Microsoft Windows Server 2016 or later (64-bit)', '10.69.60.141', 6, 64, 625, 'vmx-13', 'Guest Tools Running', 'Guest Tools Supported New', '12.1.0'),
('Winsvr00076', 'Cluster_010', 'vCenter_001', 1, 'Microsoft Windows Server 2016 or later (64-bit)', '10.69.60.138', 6, 32, 500, 'vmx-13', 'Guest Tools Running', 'Guest Tools Supported New', '12.1.0'),
('Winsvr00077', 'Cluster_010', 'vCenter_001', 1, 'Microsoft Windows Server 2016 or later (64-bit)', '10.69.60.139', 4, 32, 300, 'vmx-13', 'Guest Tools Running', 'Guest Tools Supported New', '12.1.0'),
('Winsvr00078', 'Cluster_010', 'vCenter_001', 1, 'Microsoft Windows Server 2016 or later (64-bit)', '10.69.60.137', 4, 32, 300, 'vmx-13', 'Guest Tools Running', 'Guest Tools Supported New', '12.1.0'),
('Winsvr00079', 'Cluster_010', 'vCenter_001', 1, 'Microsoft Windows Server 2016 or later (64-bit)', '10.69.60.85', 4, 32, 550, 'vmx-13', 'Guest Tools Running', 'Guest Tools Supported New', '12.1.0'),
('Winsvr00080', 'Cluster_010', 'vCenter_001', 1, 'Microsoft Windows Server 2016 or later (64-bit)', '10.69.60.136', 4, 32, 1200, 'vmx-13', 'Guest Tools Running', 'Guest Tools Supported New', '12.1.0'),
('Winsvr00081', 'Cluster_011', 'vCenter_001', 1, 'Microsoft Windows Server 2016 or later (64-bit)', '10.30.220.174', 8, 64, 900, 'vmx-13', 'Guest Tools Running', 'Guest Tools Supported New', '12.1.0'),
('Winsvr00082', 'Cluster_011', 'vCenter_001', 1, 'Microsoft Windows Server 2016 or later (64-bit)', '10.30.220.185', 6, 64, 625, 'vmx-13', 'Guest Tools Running', 'Guest Tools Supported New', '12.1.0'),
('Winsvr00083', 'Cluster_011', 'vCenter_001', 1, 'Microsoft Windows Server 2016 or later (64-bit)', '10.30.220.112', 6, 32, 500, 'vmx-13', 'Guest Tools Running', 'Guest Tools Supported New', '12.1.0'),
('Winsvr00084', 'Cluster_011', 'vCenter_001', 1, 'Microsoft Windows Server 2016 or later (64-bit)', '10.30.220.173', 4, 32, 300, 'vmx-13', 'Guest Tools Running', 'Guest Tools Supported New', '12.1.0'),
('Winsvr00085', 'Cluster_011', 'vCenter_001', 1, 'Microsoft Windows Server 2016 or later (64-bit)', '10.30.220.96', 4, 32, 300, 'vmx-13', 'Guest Tools Running', 'Guest Tools Supported New', '12.1.0'),
('Winsvr00086', 'Cluster_011', 'vCenter_001', 1, 'Microsoft Windows Server 2016 or later (64-bit)', '10.30.220.91', 4, 32, 550, 'vmx-13', 'Guest Tools Running', 'Guest Tools Supported New', '12.1.0'),
('Winsvr00087', 'Cluster_011', 'vCenter_001', 1, 'Microsoft Windows Server 2016 or later (64-bit)', '10.30.220.86', 4, 32, 1200, 'vmx-13', 'Guest Tools Running', 'Guest Tools Supported New', '12.1.0'),
('Winsvr00088', 'Cluster_012', 'vCenter_001', 1, 'Microsoft Windows Server 2016 or later (64-bit)', '10.72.132.107', 8, 64, 900, 'vmx-13', 'Guest Tools Running', 'Guest Tools Supported New', '12.1.0'),
('Winsvr00089', 'Cluster_012', 'vCenter_001', 1, 'Microsoft Windows Server 2016 or later (64-bit)', '10.72.132.111', 6, 64, 625, 'vmx-13', 'Guest Tools Running', 'Guest Tools Supported New', '12.1.0'),
('Winsvr00090', 'Cluster_012', 'vCenter_001', 1, 'Microsoft Windows Server 2016 or later (64-bit)', '10.72.132.105', 6, 32, 500, 'vmx-13', 'Guest Tools Running', 'Guest Tools Supported New', '12.1.0'),
('Winsvr00091', 'Cluster_012', 'vCenter_001', 1, 'Microsoft Windows Server 2016 or later (64-bit)', '10.72.132.106', 4, 32, 300, 'vmx-13', 'Guest Tools Running', 'Guest Tools Supported New', '12.1.0'),
('Winsvr00092', 'Cluster_012', 'vCenter_001', 1, 'Microsoft Windows Server 2016 or later (64-bit)', '10.72.132.100', 4, 32, 300, 'vmx-13', 'Guest Tools Running', 'Guest Tools Supported New', '12.1.0'),
('Winsvr00093', 'Cluster_012', 'vCenter_001', 1, 'Microsoft Windows Server 2016 or later (64-bit)', '10.72.132.98', 4, 32, 550, 'vmx-13', 'Guest Tools Running', 'Guest Tools Supported New', '12.1.0'),
('Winsvr00094', 'Cluster_012', 'vCenter_001', 1, 'Microsoft Windows Server 2016 or later (64-bit)', '10.72.132.99', 4, 32, 1200, 'vmx-13', 'Guest Tools Running', 'Guest Tools Supported New', '12.1.0'),
('Winsvr00095', 'Cluster_013', 'vCenter_001', 1, 'Microsoft Windows Server 2016 or later (64-bit)', '10.72.140.166', 8, 64, 900, 'vmx-13', 'Guest Tools Running', 'Guest Tools Supported New', '12.1.0'),
('Winsvr00096', 'Cluster_013', 'vCenter_001', 1, 'Microsoft Windows Server 2016 or later (64-bit)', '10.72.140.167', 6, 64, 625, 'vmx-13', 'Guest Tools Running', 'Guest Tools Supported New', '12.1.0'),
('Winsvr00097', 'Cluster_013', 'vCenter_001', 1, 'Microsoft Windows Server 2016 or later (64-bit)', '10.72.140.164', 6, 32, 500, 'vmx-13', 'Guest Tools Running', 'Guest Tools Supported New', '12.1.0'),
('Winsvr00098', 'Cluster_013', 'vCenter_001', 1, 'Microsoft Windows Server 2016 or later (64-bit)', '10.72.140.165', 4, 32, 300, 'vmx-13', 'Guest Tools Running', 'Guest Tools Supported New', '12.1.0'),
('Winsvr00099', 'Cluster_013', 'vCenter_001', 1, 'Microsoft Windows Server 2016 or later (64-bit)', '10.72.140.163', 4, 32, 300, 'vmx-13', 'Guest Tools Running', 'Guest Tools Supported New', '12.1.0'),
('Winsvr00100', 'Cluster_013', 'vCenter_001', 1, 'Microsoft Windows Server 2016 or later (64-bit)', '10.72.140.161', 4, 32, 550, 'vmx-13', 'Guest Tools Running', 'Guest Tools Supported New', '12.1.0'),
('Winsvr00101', 'Cluster_013', 'vCenter_001', 1, 'Microsoft Windows Server 2016 or later (64-bit)', '10.72.140.162', 4, 32, 1200, 'vmx-13', 'Guest Tools Running', 'Guest Tools Supported New', '12.1.0'),
('Winsvr00102', 'Cluster_014', 'vCenter_001', 1, 'Microsoft Windows Server 2016 or later (64-bit)', '10.72.148.134', 8, 64, 900, 'vmx-13', 'Guest Tools Running', 'Guest Tools Supported New', '12.1.0'),
('Winsvr00103', 'Cluster_014', 'vCenter_001', 1, 'Microsoft Windows Server 2016 or later (64-bit)', '10.72.148.135', 6, 64, 625, 'vmx-13', 'Guest Tools Running', 'Guest Tools Supported New', '12.1.0'),
('Winsvr00104', 'Cluster_014', 'vCenter_001', 1, 'Microsoft Windows Server 2016 or later (64-bit)', '10.72.148.132', 6, 32, 500, 'vmx-13', 'Guest Tools Running', 'Guest Tools Supported New', '12.1.0'),
('Winsvr00105', 'Cluster_014', 'vCenter_001', 1, 'Microsoft Windows Server 2016 or later (64-bit)', '10.72.148.133', 4, 32, 300, 'vmx-13', 'Guest Tools Running', 'Guest Tools Supported New', '12.1.0'),
('Winsvr00106', 'Cluster_014', 'vCenter_001', 1, 'Microsoft Windows Server 2016 or later (64-bit)', '10.72.148.131', 4, 32, 300, 'vmx-13', 'Guest Tools Running', 'Guest Tools Supported New', '12.1.0'),
('Winsvr00107', 'Cluster_014', 'vCenter_001', 1, 'Microsoft Windows Server 2016 or later (64-bit)', '10.72.148.95', 4, 32, 550, 'vmx-13', 'Guest Tools Running', 'Guest Tools Supported New', '12.1.0'),
('Winsvr00108', 'Cluster_014', 'vCenter_001', 1, 'Microsoft Windows Server 2016 or later (64-bit)', '10.72.148.96', 4, 32, 1200, 'vmx-13', 'Guest Tools Running', 'Guest Tools Supported New', '12.1.0'),
('Winsvr00109', 'Cluster_015', 'vCenter_001', 1, 'Microsoft Windows Server 2016 or later (64-bit)', '10.84.188.174', 8, 64, 900, 'vmx-13', 'Guest Tools Running', 'Guest Tools Supported New', '12.1.0'),
('Winsvr00110', 'Cluster_015', 'vCenter_001', 1, 'Microsoft Windows Server 2016 or later (64-bit)', '10.84.188.175', 6, 64, 625, 'vmx-13', 'Guest Tools Running', 'Guest Tools Supported New', '12.1.0'),
('Winsvr00111', 'Cluster_015', 'vCenter_001', 1, 'Microsoft Windows Server 2016 or later (64-bit)', '10.84.188.172', 6, 32, 500, 'vmx-13', 'Guest Tools Running', 'Guest Tools Supported New', '12.1.0'),
('Winsvr00112', 'Cluster_015', 'vCenter_001', 1, 'Microsoft Windows Server 2016 or later (64-bit)', '10.84.188.173', 4, 32, 300, 'vmx-13', 'Guest Tools Running', 'Guest Tools Supported New', '12.1.0'),
('Winsvr00113', 'Cluster_015', 'vCenter_001', 1, 'Microsoft Windows Server 2016 or later (64-bit)', '10.84.188.149', 4, 32, 300, 'vmx-13', 'Guest Tools Running', 'Guest Tools Supported New', '12.1.0'),
('Winsvr00114', 'Cluster_015', 'vCenter_001', 1, 'Microsoft Windows Server 2016 or later (64-bit)', '10.84.188.147', 4, 32, 550, 'vmx-13', 'Guest Tools Running', 'Guest Tools Supported New', '12.1.0'),
('Winsvr00115', 'Cluster_015', 'vCenter_001', 1, 'Microsoft Windows Server 2016 or later (64-bit)', '10.84.188.148', 4, 32, 1200, 'vmx-13', 'Guest Tools Running', 'Guest Tools Supported New', '12.1.0'),
('Winsvr00116', 'Cluster_016', 'vCenter_001', 1, 'Microsoft Windows Server 2016 or later (64-bit)', '10.84.196.156', 8, 64, 900, 'vmx-13', 'Guest Tools Running', 'Guest Tools Supported New', '12.1.0'),
('Winsvr00117', 'Cluster_016', 'vCenter_001', 1, 'Microsoft Windows Server 2016 or later (64-bit)', '10.84.196.157', 6, 64, 625, 'vmx-13', 'Guest Tools Running', 'Guest Tools Supported New', '12.1.0'),
('Winsvr00118', 'Cluster_016', 'vCenter_001', 1, 'Microsoft Windows Server 2016 or later (64-bit)', '10.84.196.154', 6, 32, 500, 'vmx-13', 'Guest Tools Running', 'Guest Tools Supported New', '12.1.0'),
('Winsvr00119', 'Cluster_016', 'vCenter_001', 1, 'Microsoft Windows Server 2016 or later (64-bit)', '10.84.196.155', 4, 32, 300, 'vmx-13', 'Guest Tools Running', 'Guest Tools Supported New', '12.1.0'),
('Winsvr00120', 'Cluster_016', 'vCenter_001', 1, 'Microsoft Windows Server 2016 or later (64-bit)', '10.84.196.153', 4, 32, 300, 'vmx-13', 'Guest Tools Running', 'Guest Tools Supported New', '12.1.0'),
('Winsvr00121', 'Cluster_016', 'vCenter_001', 1, 'Microsoft Windows Server 2016 or later (64-bit)', '10.84.196.110', 4, 32, 550, 'vmx-13', 'Guest Tools Running', 'Guest Tools Supported New', '12.1.0'),
('Winsvr00122', 'Cluster_016', 'vCenter_001', 1, 'Microsoft Windows Server 2016 or later (64-bit)', '10.84.196.152', 4, 32, 1200, 'vmx-13', 'Guest Tools Running', 'Guest Tools Supported New', '12.1.0'),
('Winsvr00123', 'Cluster_016', 'vCenter_001', 1, 'Microsoft Windows Server 2016 or later (64-bit)', '10.84.196.107', 4, 32, 550, 'vmx-13', 'Guest Tools Running', 'Guest Tools Supported New', '12.1.0'),
('Winsvr00124', 'Cluster_017', 'vCenter_001', 1, 'Microsoft Windows Server 2016 or later (64-bit)', '10.72.164.146', 8, 64, 900, 'vmx-13', 'Guest Tools Running', 'Guest Tools Supported New', '12.1.0'),
('Winsvr00125', 'Cluster_017', 'vCenter_001', 1, 'Microsoft Windows Server 2016 or later (64-bit)', '10.72.164.147', 6, 64, 625, 'vmx-13', 'Guest Tools Running', 'Guest Tools Supported New', '12.1.0'),
('Winsvr00126', 'Cluster_017', 'vCenter_001', 1, 'Microsoft Windows Server 2016 or later (64-bit)', '10.72.164.144', 6, 32, 500, 'vmx-13', 'Guest Tools Running', 'Guest Tools Supported New', '12.1.0'),
('Winsvr00127', 'Cluster_017', 'vCenter_001', 1, 'Microsoft Windows Server 2016 or later (64-bit)', '10.72.164.145', 4, 32, 300, 'vmx-13', 'Guest Tools Running', 'Guest Tools Supported New', '12.1.0'),
('Winsvr00128', 'Cluster_017', 'vCenter_001', 1, 'Microsoft Windows Server 2016 or later (64-bit)', '10.72.164.143', 4, 32, 300, 'vmx-13', 'Guest Tools Running', 'Guest Tools Supported New', '12.1.0'),
('Winsvr00129', 'Cluster_017', 'vCenter_001', 1, 'Microsoft Windows Server 2016 or later (64-bit)', '10.72.164.141', 4, 32, 550, 'vmx-13', 'Guest Tools Running', 'Guest Tools Supported New', '12.1.0'),
('Winsvr00130', 'Cluster_017', 'vCenter_001', 1, 'Microsoft Windows Server 2016 or later (64-bit)', '10.72.164.142', 4, 32, 1200, 'vmx-13', 'Guest Tools Running', 'Guest Tools Supported New', '12.1.0'),
('Winsvr00131', 'Cluster_017', 'vCenter_001', 1, 'Microsoft Windows Server 2016 or later (64-bit)', '10.72.164.161', 4, 32, 550, 'vmx-14', 'Guest Tools Running', 'Guest Tools Supported New', '12.1.0'),
('Winsvr00132', 'Cluster_018', 'vCenter_001', 1, 'Microsoft Windows Server 2016 or later (64-bit)', '10.84.204.159', 8, 64, 900, 'vmx-13', 'Guest Tools Running', 'Guest Tools Supported New', '12.1.0'),
('Winsvr00133', 'Cluster_018', 'vCenter_001', 1, 'Microsoft Windows Server 2016 or later (64-bit)', '10.84.204.160', 6, 64, 625, 'vmx-13', 'Guest Tools Running', 'Guest Tools Supported New', '12.1.0'),
('Winsvr00134', 'Cluster_018', 'vCenter_001', 1, 'Microsoft Windows Server 2016 or later (64-bit)', '10.84.204.157', 6, 32, 500, 'vmx-13', 'Guest Tools Running', 'Guest Tools Supported New', '12.1.0'),
('Winsvr00135', 'Cluster_018', 'vCenter_001', 1, 'Microsoft Windows Server 2016 or later (64-bit)', '10.84.204.158', 4, 32, 300, 'vmx-13', 'Guest Tools Running', 'Guest Tools Supported New', '12.1.0'),
('Winsvr00136', 'Cluster_018', 'vCenter_001', 1, 'Microsoft Windows Server 2016 or later (64-bit)', '10.84.204.156', 4, 32, 300, 'vmx-13', 'Guest Tools Running', 'Guest Tools Supported New', '12.1.0'),
('Winsvr00137', 'Cluster_018', 'vCenter_001', 1, 'Microsoft Windows Server 2016 or later (64-bit)', '10.84.204.154', 4, 32, 550, 'vmx-13', 'Guest Tools Running', 'Guest Tools Supported New', '12.1.0'),
('Winsvr00138', 'Cluster_018', 'vCenter_001', 1, 'Microsoft Windows Server 2016 or later (64-bit)', '10.84.204.155', 4, 32, 1200, 'vmx-13', 'Guest Tools Running', 'Guest Tools Supported New', '12.1.0'),
('Winsvr00139', 'Cluster_019', 'vCenter_001', 1, 'Microsoft Windows Server 2016 or later (64-bit)', '10.72.180.145', 8, 64, 900, 'vmx-13', 'Guest Tools Running', 'Guest Tools Supported New', '12.1.0'),
('Winsvr00140', 'Cluster_019', 'vCenter_001', 1, 'Microsoft Windows Server 2016 or later (64-bit)', '10.72.180.146', 6, 64, 625, 'vmx-13', 'Guest Tools Running', 'Guest Tools Supported New', '12.1.0'),
('Winsvr00141', 'Cluster_019', 'vCenter_001', 1, 'Microsoft Windows Server 2016 or later (64-bit)', '10.72.180.143', 6, 32, 500, 'vmx-13', 'Guest Tools Running', 'Guest Tools Supported New', '12.1.0'),
('Winsvr00142', 'Cluster_019', 'vCenter_001', 1, 'Microsoft Windows Server 2016 or later (64-bit)', '10.72.180.144', 4, 32, 300, 'vmx-13', 'Guest Tools Running', 'Guest Tools Supported New', '12.1.0'),
('Winsvr00143', 'Cluster_019', 'vCenter_001', 1, 'Microsoft Windows Server 2016 or later (64-bit)', '10.72.180.142', 4, 32, 300, 'vmx-13', 'Guest Tools Running', 'Guest Tools Supported New', '12.1.0'),
('Winsvr00144', 'Cluster_019', 'vCenter_001', 1, 'Microsoft Windows Server 2016 or later (64-bit)', '10.72.180.140', 4, 32, 550, 'vmx-13', 'Guest Tools Running', 'Guest Tools Supported New', '12.1.0'),
('Winsvr00145', 'Cluster_019', 'vCenter_001', 1, 'Microsoft Windows Server 2016 or later (64-bit)', '10.72.180.141', 4, 32, 1200, 'vmx-13', 'Guest Tools Running', 'Guest Tools Supported New', '12.1.0'),
('Winsvr00146', 'Cluster_020', 'vCenter_001', 1, 'Microsoft Windows Server 2016 or later (64-bit)', '10.76.188.94', 8, 64, 900, 'vmx-13', 'Guest Tools Running', 'Guest Tools Supported New', '12.1.0'),
('Winsvr00147', 'Cluster_020', 'vCenter_001', 1, 'Microsoft Windows Server 2016 or later (64-bit)', '10.76.188.95', 6, 64, 625, 'vmx-13', 'Guest Tools Running', 'Guest Tools Supported New', '12.1.0'),
('Winsvr00148', 'Cluster_020', 'vCenter_001', 1, 'Microsoft Windows Server 2016 or later (64-bit)', '10.76.188.92', 6, 32, 500, 'vmx-13', 'Guest Tools Running', 'Guest Tools Supported New', '12.1.0'),
('Winsvr00149', 'Cluster_020', 'vCenter_001', 1, 'Microsoft Windows Server 2016 or later (64-bit)', '10.76.188.93', 4, 32, 300, 'vmx-13', 'Guest Tools Running', 'Guest Tools Supported New', '12.1.0'),
('Winsvr00150', 'Cluster_020', 'vCenter_001', 1, 'Microsoft Windows Server 2016 or later (64-bit)', '10.76.188.91', 4, 32, 300, 'vmx-13', 'Guest Tools Running', 'Guest Tools Supported New', '12.1.0'),
('Winsvr00151', 'Cluster_020', 'vCenter_001', 1, 'Microsoft Windows Server 2016 or later (64-bit)', '10.76.188.87', 4, 32, 550, 'vmx-13', 'Guest Tools Running', 'Guest Tools Supported New', '12.1.0'),
('Winsvr00152', 'Cluster_020', 'vCenter_001', 1, 'Microsoft Windows Server 2016 or later (64-bit)', '10.76.188.88', 4, 32, 1200, 'vmx-13', 'Guest Tools Running', 'Guest Tools Supported New', '12.1.0'),
('Winsvr00153', 'Cluster_021', 'vCenter_001', 1, 'Microsoft Windows Server 2016 or later (64-bit)', '10.16.148.134', 8, 64, 900, 'vmx-13', 'Guest Tools Running', 'Guest Tools Supported New', '12.1.0'),
('Winsvr00154', 'Cluster_021', 'vCenter_001', 1, 'Microsoft Windows Server 2016 or later (64-bit)', '10.16.148.135', 6, 64, 625, 'vmx-13', 'Guest Tools Running', 'Guest Tools Supported New', '12.1.0'),
('Winsvr00155', 'Cluster_021', 'vCenter_001', 1, 'Microsoft Windows Server 2016 or later (64-bit)', '10.16.148.132', 6, 32, 500, 'vmx-13', 'Guest Tools Running', 'Guest Tools Supported New', '12.1.0'),
('Winsvr00156', 'Cluster_021', 'vCenter_001', 1, 'Microsoft Windows Server 2016 or later (64-bit)', '10.16.148.133', 4, 32, 300, 'vmx-13', 'Guest Tools Running', 'Guest Tools Supported New', '12.1.0'),
('Winsvr00157', 'Cluster_021', 'vCenter_001', 1, 'Microsoft Windows Server 2016 or later (64-bit)', '10.16.148.131', 4, 32, 300, 'vmx-13', 'Guest Tools Running', 'Guest Tools Supported New', '12.1.0'),
('Winsvr00158', 'Cluster_021', 'vCenter_001', 1, 'Microsoft Windows Server 2016 or later (64-bit)', '10.16.148.129', 4, 32, 550, 'vmx-13', 'Guest Tools Running', 'Guest Tools Supported New', '12.1.0'),
('Winsvr00159', 'Cluster_021', 'vCenter_001', 1, 'Microsoft Windows Server 2016 or later (64-bit)', '10.16.148.130', 4, 32, 1200, 'vmx-13', 'Guest Tools Running', 'Guest Tools Supported New', '12.1.0'),
('Winsvr00160', 'Cluster_022', 'vCenter_001', 1, 'Microsoft Windows Server 2016 or later (64-bit)', '10.40.232.97', 8, 64, 920, 'vmx-13', 'Guest Tools Running', 'Guest Tools Supported New', '12.1.0'),
('Winsvr00161', 'Cluster_022', 'vCenter_001', 1, 'Microsoft Windows Server 2016 or later (64-bit)', '10.40.232.98', 6, 64, 655, 'vmx-13', 'Guest Tools Running', 'Guest Tools Supported New', '12.1.0'),
('Winsvr00162', 'Cluster_022', 'vCenter_001', 1, 'Microsoft Windows Server 2016 or later (64-bit)', '10.40.232.94', 6, 32, 500, 'vmx-13', 'Guest Tools Running', 'Guest Tools Supported New', '12.1.0'),
('Winsvr00163', 'Cluster_022', 'vCenter_001', 1, 'Microsoft Windows Server 2016 or later (64-bit)', '10.40.232.96', 4, 32, 300, 'vmx-13', 'Guest Tools Running', 'Guest Tools Supported New', '12.1.0'),
('Winsvr00164', 'Cluster_022', 'vCenter_001', 1, 'Microsoft Windows Server 2016 or later (64-bit)', '10.40.232.92', 4, 32, 300, 'vmx-13', 'Guest Tools Running', 'Guest Tools Supported New', '12.1.0'),
('Winsvr00165', 'Cluster_022', 'vCenter_001', 1, 'Microsoft Windows Server 2016 or later (64-bit)', '10.40.232.89', 4, 32, 550, 'vmx-13', 'Guest Tools Running', 'Guest Tools Supported New', '12.1.0'),
('Winsvr00166', 'Cluster_022', 'vCenter_001', 1, 'Microsoft Windows Server 2016 or later (64-bit)', '10.40.232.90', 4, 32, 1200, 'vmx-13', 'Guest Tools Running', 'Guest Tools Supported New', '12.1.0'),
('Winsvr00167', 'Cluster_023', 'vCenter_001', 1, 'Microsoft Windows Server 2016 or later (64-bit)', '10.55.28.151', 8, 64, 900, 'vmx-13', 'Guest Tools Running', 'Guest Tools Supported New', '12.1.0'),
('Winsvr00168', 'Cluster_023', 'vCenter_001', 1, 'Microsoft Windows Server 2016 or later (64-bit)', '10.55.28.152', 6, 64, 625, 'vmx-13', 'Guest Tools Running', 'Guest Tools Supported New', '12.1.0'),
('Winsvr00169', 'Cluster_023', 'vCenter_001', 1, 'Microsoft Windows Server 2016 or later (64-bit)', '10.55.28.149', 6, 32, 500, 'vmx-13', 'Guest Tools Running', 'Guest Tools Supported New', '12.1.0'),
('Winsvr00170', 'Cluster_023', 'vCenter_001', 1, 'Microsoft Windows Server 2016 or later (64-bit)', '10.55.28.150', 4, 32, 300, 'vmx-13', 'Guest Tools Running', 'Guest Tools Supported New', '12.1.0'),
('Winsvr00171', 'Cluster_023', 'vCenter_001', 1, 'Microsoft Windows Server 2016 or later (64-bit)', '10.55.28.148', 4, 32, 300, 'vmx-13', 'Guest Tools Running', 'Guest Tools Supported New', '12.1.0'),
('Winsvr00172', 'Cluster_023', 'vCenter_001', 1, 'Microsoft Windows Server 2016 or later (64-bit)', '10.55.28.146', 4, 32, 550, 'vmx-13', 'Guest Tools Running', 'Guest Tools Supported New', '12.1.0'),
('Winsvr00173', 'Cluster_023', 'vCenter_001', 1, 'Microsoft Windows Server 2016 or later (64-bit)', '10.55.28.147', 4, 32, 1200, 'vmx-13', 'Guest Tools Running', 'Guest Tools Supported New', '12.1.0'),
('Winsvr00174', 'Cluster_024', 'vCenter_001', 1, 'Microsoft Windows Server 2016 or later (64-bit)', '10.74.20.160', 8, 64, 900, 'vmx-13', 'Guest Tools Running', 'Guest Tools Supported New', '12.1.0'),
('Winsvr00175', 'Cluster_024', 'vCenter_001', 1, 'Microsoft Windows Server 2016 or later (64-bit)', '10.74.20.161', 6, 64, 625, 'vmx-13', 'Guest Tools Running', 'Guest Tools Supported New', '12.1.0'),
('Winsvr00176', 'Cluster_024', 'vCenter_001', 1, 'Microsoft Windows Server 2016 or later (64-bit)', '10.74.20.158', 6, 32, 500, 'vmx-13', 'Guest Tools Running', 'Guest Tools Supported New', '12.1.0'),
('Winsvr00177', 'Cluster_024', 'vCenter_001', 1, 'Microsoft Windows Server 2016 or later (64-bit)', '10.74.20.159', 4, 32, 300, 'vmx-13', 'Guest Tools Running', 'Guest Tools Supported New', '12.1.0'),
('Winsvr00178', 'Cluster_024', 'vCenter_001', 1, 'Microsoft Windows Server 2016 or later (64-bit)', '10.74.20.157', 4, 32, 300, 'vmx-13', 'Guest Tools Running', 'Guest Tools Supported New', '12.1.0'),
('Winsvr00179', 'Cluster_024', 'vCenter_001', 1, 'Microsoft Windows Server 2016 or later (64-bit)', '10.74.20.155', 4, 32, 550, 'vmx-13', 'Guest Tools Running', 'Guest Tools Supported New', '12.1.0'),
('Winsvr00180', 'Cluster_024', 'vCenter_001', 1, 'Microsoft Windows Server 2016 or later (64-bit)', '10.74.20.156', 4, 32, 1200, 'vmx-13', 'Guest Tools Running', 'Guest Tools Supported New', '12.1.0'),
('Winsvr00181', 'Cluster_024', 'vCenter_001', 1, 'Microsoft Windows Server 2016 or later (64-bit)', '10.74.20.127', 4, 32, 550, 'vmx-13', 'Guest Tools Running', 'Guest Tools Supported New', '12.1.0'),
('Winsvr00182', 'Cluster_025', 'vCenter_001', 1, 'Microsoft Windows Server 2016 or later (64-bit)', '10.74.36.99', 8, 64, 900, 'vmx-13', 'Guest Tools Running', 'Guest Tools Supported New', '12.1.0'),
('Winsvr00183', 'Cluster_025', 'vCenter_001', 1, 'Microsoft Windows Server 2016 or later (64-bit)', '10.74.36.110', 6, 64, 625, 'vmx-13', 'Guest Tools Running', 'Guest Tools Supported New', '12.1.0'),
('Winsvr00184', 'Cluster_025', 'vCenter_001', 1, 'Microsoft Windows Server 2016 or later (64-bit)', '10.74.36.97', 6, 32, 500, 'vmx-13', 'Guest Tools Running', 'Guest Tools Supported New', '12.1.0'),
('Winsvr00185', 'Cluster_025', 'vCenter_001', 1, 'Microsoft Windows Server 2016 or later (64-bit)', '10.74.36.98', 4, 32, 300, 'vmx-13', 'Guest Tools Running', 'Guest Tools Supported New', '12.1.0'),
('Winsvr00186', 'Cluster_025', 'vCenter_001', 1, 'Microsoft Windows Server 2016 or later (64-bit)', '10.74.36.96', 4, 32, 300, 'vmx-13', 'Guest Tools Running', 'Guest Tools Supported New', '12.1.0'),
('Winsvr00187', 'Cluster_025', 'vCenter_001', 1, 'Microsoft Windows Server 2016 or later (64-bit)', '10.74.36.94', 4, 32, 550, 'vmx-13', 'Guest Tools Running', 'Guest Tools Supported New', '12.1.0'),
('Winsvr00188', 'Cluster_025', 'vCenter_001', 1, 'Microsoft Windows Server 2016 or later (64-bit)', '10.74.36.95', 4, 32, 1200, 'vmx-13', 'Guest Tools Running', 'Guest Tools Supported New', '12.1.0'),
('Winsvr00189', 'Cluster_026', 'vCenter_001', 1, 'Microsoft Windows Server 2016 or later (64-bit)', '10.74.44.134', 8, 64, 900, 'vmx-13', 'Guest Tools Running', 'Guest Tools Supported New', '12.1.0'),
('Winsvr00190', 'Cluster_026', 'vCenter_001', 1, 'Microsoft Windows Server 2016 or later (64-bit)', '10.74.44.135', 6, 64, 625, 'vmx-13', 'Guest Tools Running', 'Guest Tools Supported New', '12.1.0'),
('Winsvr00191', 'Cluster_026', 'vCenter_001', 1, 'Microsoft Windows Server 2016 or later (64-bit)', '10.74.44.109', 6, 32, 500, 'vmx-13', 'Guest Tools Running', 'Guest Tools Supported New', '12.1.0'),
('Winsvr00192', 'Cluster_026', 'vCenter_001', 1, 'Microsoft Windows Server 2016 or later (64-bit)', '10.74.44.133', 4, 32, 300, 'vmx-13', 'Guest Tools Running', 'Guest Tools Supported New', '12.1.0'),
('Winsvr00193', 'Cluster_026', 'vCenter_001', 1, 'Microsoft Windows Server 2016 or later (64-bit)', '10.74.44.108', 4, 32, 300, 'vmx-13', 'Guest Tools Running', 'Guest Tools Supported New', '12.1.0'),
('Winsvr00194', 'Cluster_026', 'vCenter_001', 1, 'Microsoft Windows Server 2016 or later (64-bit)', '10.74.44.85', 4, 32, 550, 'vmx-13', 'Guest Tools Running', 'Guest Tools Supported New', '12.1.0'),
('Winsvr00195', 'Cluster_026', 'vCenter_001', 1, 'Microsoft Windows Server 2016 or later (64-bit)', '10.74.44.107', 4, 32, 1200, 'vmx-13', 'Guest Tools Running', 'Guest Tools Supported New', '12.1.0'),
('Winsvr00196', 'Cluster_027', 'vCenter_002', 1, 'Microsoft Windows Server 2016 or later (64-bit)', '10.65.20.98', 8, 64, 900, 'vmx-13', 'Guest Tools Running', 'Guest Tools Supported New', '12.1.0'),
('Winsvr00197', 'Cluster_027', 'vCenter_002', 1, 'Microsoft Windows Server 2016 or later (64-bit)', '10.65.20.99', 6, 64, 625, 'vmx-13', 'Guest Tools Running', 'Guest Tools Supported New', '12.1.0'),
('Winsvr00198', 'Cluster_027', 'vCenter_002', 1, 'Microsoft Windows Server 2016 or later (64-bit)', '10.65.20.96', 6, 32, 500, 'vmx-13', 'Guest Tools Running', 'Guest Tools Supported New', '12.1.0'),
('Winsvr00199', 'Cluster_027', 'vCenter_002', 1, 'Microsoft Windows Server 2016 or later (64-bit)', '10.65.20.97', 4, 32, 300, 'vmx-13', 'Guest Tools Running', 'Guest Tools Supported New', '12.1.0'),
('Winsvr00200', 'Cluster_027', 'vCenter_002', 1, 'Microsoft Windows Server 2016 or later (64-bit)', '10.65.20.95', 4, 32, 300, 'vmx-13', 'Guest Tools Running', 'Guest Tools Supported New', '12.1.0'),
('Winsvr00201', 'Cluster_027', 'vCenter_002', 1, 'Microsoft Windows Server 2016 or later (64-bit)', '10.65.20.93', 4, 32, 550, 'vmx-13', 'Guest Tools Running', 'Guest Tools Supported New', '12.1.0'),
('Winsvr00202', 'Cluster_027', 'vCenter_002', 1, 'Microsoft Windows Server 2016 or later (64-bit)', '10.65.20.94', 4, 32, 1200, 'vmx-13', 'Guest Tools Running', 'Guest Tools Supported New', '12.1.0'),
('Winsvr00203', 'Cluster_028', 'vCenter_002', 1, 'Microsoft Windows Server 2016 or later (64-bit)', '10.65.52.159', 8, 64, 900, 'vmx-13', 'Guest Tools Running', 'Guest Tools Supported New', '12.1.0'),
('Winsvr00204', 'Cluster_028', 'vCenter_002', 1, 'Microsoft Windows Server 2016 or later (64-bit)', '10.65.52.160', 6, 64, 625, 'vmx-13', 'Guest Tools Running', 'Guest Tools Supported New', '12.1.0'),
('Winsvr00205', 'Cluster_028', 'vCenter_002', 1, 'Microsoft Windows Server 2016 or later (64-bit)', '10.65.52.157', 6, 32, 500, 'vmx-13', 'Guest Tools Running', 'Guest Tools Supported New', '12.1.0'),
('Winsvr00206', 'Cluster_028', 'vCenter_002', 1, 'Microsoft Windows Server 2016 or later (64-bit)', '10.65.52.158', 4, 32, 300, 'vmx-13', 'Guest Tools Running', 'Guest Tools Supported New', '12.1.0'),
('Winsvr00207', 'Cluster_028', 'vCenter_002', 1, 'Microsoft Windows Server 2016 or later (64-bit)', '10.65.52.156', 4, 32, 300, 'vmx-13', 'Guest Tools Running', 'Guest Tools Supported New', '12.1.0'),
('Winsvr00208', 'Cluster_028', 'vCenter_002', 1, 'Microsoft Windows Server 2016 or later (64-bit)', '10.65.52.154', 4, 32, 550, 'vmx-13', 'Guest Tools Running', 'Guest Tools Supported New', '12.1.0'),
('Winsvr00209', 'Cluster_028', 'vCenter_002', 1, 'Microsoft Windows Server 2016 or later (64-bit)', '10.65.52.155', 4, 32, 1200, 'vmx-13', 'Guest Tools Running', 'Guest Tools Supported New', '12.1.0'),
('Winsvr00210', 'Cluster_029', 'vCenter_002', 1, 'Microsoft Windows Server 2016 or later (64-bit)', '10.65.68.145', 8, 64, 900, 'vmx-13', 'Guest Tools Running', 'Guest Tools Supported New', '12.1.0'),
('Winsvr00211', 'Cluster_029', 'vCenter_002', 1, 'Microsoft Windows Server 2016 or later (64-bit)', '10.65.68.146', 6, 64, 625, 'vmx-13', 'Guest Tools Running', 'Guest Tools Supported New', '12.1.0'),
('Winsvr00212', 'Cluster_029', 'vCenter_002', 1, 'Microsoft Windows Server 2016 or later (64-bit)', '10.65.68.143', 6, 32, 500, 'vmx-13', 'Guest Tools Running', 'Guest Tools Supported New', '12.1.0'),
('Winsvr00213', 'Cluster_029', 'vCenter_002', 1, 'Microsoft Windows Server 2016 or later (64-bit)', '10.65.68.144', 4, 32, 300, 'vmx-13', 'Guest Tools Running', 'Guest Tools Supported New', '12.1.0'),
('Winsvr00214', 'Cluster_029', 'vCenter_002', 1, 'Microsoft Windows Server 2016 or later (64-bit)', '10.65.68.142', 4, 32, 300, 'vmx-13', 'Guest Tools Running', 'Guest Tools Supported New', '12.1.0'),
('Winsvr00215', 'Cluster_029', 'vCenter_002', 1, 'Microsoft Windows Server 2016 or later (64-bit)', '10.65.68.109', 4, 32, 550, 'vmx-13', 'Guest Tools Running', 'Guest Tools Supported New', '12.1.0'),
('Winsvr00216', 'Cluster_029', 'vCenter_002', 1, 'Microsoft Windows Server 2016 or later (64-bit)', '10.65.68.141', 4, 32, 1200, 'vmx-13', 'Guest Tools Running', 'Guest Tools Supported New', '12.1.0'),
('Winsvr00217', 'Cluster_030', 'vCenter_002', 1, 'Microsoft Windows Server 2016 or later (64-bit)', '10.56.24.78', 4, 32, 400, 'vmx-13', 'Guest Tools Running', 'Guest Tools Supported New', '12.1.0'),
('Winsvr00218', 'Cluster_030', 'vCenter_002', 1, 'Microsoft Windows Server 2016 or later (64-bit)', '10.56.24.79', 4, 32, 400, 'vmx-13', 'Guest Tools Running', 'Guest Tools Supported New', '12.1.0'),
('Winsvr00219', 'Cluster_030', 'vCenter_002', 1, 'Microsoft Windows Server 2016 or later (64-bit)', '10.56.31.7', 8, 64, 900, 'vmx-13', 'Guest Tools Running', 'Guest Tools Supported New', '12.1.0'),
('Winsvr00220', 'Cluster_030', 'vCenter_002', 1, 'Microsoft Windows Server 2016 or later (64-bit)', '10.56.31.8', 6, 64, 625, 'vmx-13', 'Guest Tools Running', 'Guest Tools Supported New', '12.1.0'),
('Winsvr00221', 'Cluster_030', 'vCenter_002', 1, 'Microsoft Windows Server 2016 or later (64-bit)', '10.56.31.5', 6, 32, 500, 'vmx-13', 'Guest Tools Running', 'Guest Tools Supported New', '12.1.0'),
('Winsvr00222', 'Cluster_030', 'vCenter_002', 1, 'Microsoft Windows Server 2016 or later (64-bit)', '10.56.31.4', 4, 32, 300, 'vmx-13', 'Guest Tools Running', 'Guest Tools Supported New', '12.1.0'),
('Winsvr00223', 'Cluster_030', 'vCenter_002', 1, 'Microsoft Windows Server 2016 or later (64-bit)', '10.56.31.6', 4, 32, 300, 'vmx-13', 'Guest Tools Running', 'Guest Tools Supported New', '12.1.0'),
('Winsvr00224', 'Cluster_030', 'vCenter_002', 1, 'Microsoft Windows Server 2016 or later (64-bit)', '10.56.31.2', 4, 32, 550, 'vmx-13', 'Guest Tools Running', 'Guest Tools Supported New', '12.1.0'),
('Winsvr00225', 'Cluster_030', 'vCenter_002', 1, 'Microsoft Windows Server 2016 or later (64-bit)', '10.56.31.3', 4, 32, 1200, 'vmx-13', 'Guest Tools Running', 'Guest Tools Supported New', '12.1.0'),
('Winsvr00226', 'Cluster_031', 'vCenter_002', 1, 'Microsoft Windows Server 2016 or later (64-bit)', '10.47.212.100', 4, 32, 400, 'vmx-13', 'Guest Tools Running', 'Guest Tools Supported New', '12.1.0'),
('Winsvr00227', 'Cluster_031', 'vCenter_002', 1, 'Microsoft Windows Server 2016 or later (64-bit)', '10.47.212.101', 4, 32, 400, 'vmx-13', 'Guest Tools Running', 'Guest Tools Supported New', '12.1.0'),
('Winsvr00228', 'Cluster_031', 'vCenter_002', 1, 'Microsoft Windows Server 2016 or later (64-bit)', '10.47.212.102', 12, 128, 1305, 'vmx-13', 'Guest Tools Running', 'Guest Tools Supported New', '12.1.0'),
('Winsvr00229', 'Cluster_031', 'vCenter_002', 1, 'Microsoft Windows Server 2016 or later (64-bit)', '10.47.212.103', 8, 128, 1050, 'vmx-13', 'Guest Tools Running', 'Guest Tools Supported New', '12.1.0'),
('Winsvr00230', 'Cluster_031', 'vCenter_002', 1, 'Microsoft Windows Server 2016 or later (64-bit)', '10.47.212.104', 8, 64, 700, 'vmx-13', 'Guest Tools Running', 'Guest Tools Supported New', '12.1.0'),
('Winsvr00231', 'Cluster_031', 'vCenter_002', 1, 'Microsoft Windows Server 2016 or later (64-bit)', '10.47.212.105', 4, 32, 300, 'vmx-13', 'Guest Tools Running', 'Guest Tools Supported New', '12.1.0'),
('Winsvr00232', 'Cluster_031', 'vCenter_002', 1, 'Microsoft Windows Server 2016 or later (64-bit)', '10.47.212.106', 6, 32, 300, 'vmx-13', 'Guest Tools Running', 'Guest Tools Supported New', '12.1.0'),
('Winsvr00233', 'Cluster_031', 'vCenter_002', 1, 'Microsoft Windows Server 2016 or later (64-bit)', '10.47.212.107', 6, 32, 550, 'vmx-13', 'Guest Tools Running', 'Guest Tools Supported New', '12.1.0'),
('Winsvr00234', 'Cluster_031', 'vCenter_002', 1, 'Microsoft Windows Server 2016 or later (64-bit)', '10.47.212.108', 4, 32, 1200, 'vmx-13', 'Guest Tools Running', 'Guest Tools Supported New', '12.1.0'),
('Winsvr00235', 'Cluster_032', 'vCenter_002', 1, 'Microsoft Windows Server 2016 or later (64-bit)', '10.86.80.90', 4, 32, 400, 'vmx-13', 'Guest Tools Running', 'Guest Tools Supported New', '12.1.0'),
('Winsvr00236', 'Cluster_032', 'vCenter_002', 1, 'Microsoft Windows Server 2016 or later (64-bit)', '10.86.80.91', 4, 32, 400, 'vmx-13', 'Guest Tools Running', 'Guest Tools Supported New', '12.1.0'),
('Winsvr00237', 'Cluster_032', 'vCenter_002', 1, 'Microsoft Windows Server 2016 or later (64-bit)', '10.86.81.13', 8, 64, 900, 'vmx-13', 'Guest Tools Running', 'Guest Tools Supported New', '12.1.0'),
('Winsvr00238', 'Cluster_032', 'vCenter_002', 1, 'Microsoft Windows Server 2016 or later (64-bit)', '10.86.81.14', 6, 64, 625, 'vmx-13', 'Guest Tools Running', 'Guest Tools Supported New', '12.1.0'),
('Winsvr00239', 'Cluster_032', 'vCenter_002', 1, 'Microsoft Windows Server 2016 or later (64-bit)', '10.86.81.15', 6, 32, 500, 'vmx-13', 'Guest Tools Running', 'Guest Tools Supported New', '12.1.0'),
('Winsvr00240', 'Cluster_032', 'vCenter_002', 1, 'Microsoft Windows Server 2016 or later (64-bit)', '10.86.81.16', 4, 32, 300, 'vmx-13', 'Guest Tools Running', 'Guest Tools Supported New', '12.1.0'),
('Winsvr00241', 'Cluster_032', 'vCenter_002', 1, 'Microsoft Windows Server 2016 or later (64-bit)', '10.86.81.17', 4, 32, 300, 'vmx-13', 'Guest Tools Running', 'Guest Tools Supported New', '12.1.0'),
('Winsvr00242', 'Cluster_032', 'vCenter_002', 1, 'Microsoft Windows Server 2016 or later (64-bit)', '10.86.81.18', 4, 32, 550, 'vmx-13', 'Guest Tools Running', 'Guest Tools Supported New', '12.1.0'),
('Winsvr00243', 'Cluster_032', 'vCenter_002', 1, 'Microsoft Windows Server 2016 or later (64-bit)', '10.86.81.19', 4, 32, 1200, 'vmx-13', 'Guest Tools Running', 'Guest Tools Supported New', '12.1.0'),
('Winsvr00244', 'Cluster_032', 'vCenter_002', 1, 'Microsoft Windows Server 2016 or later (64-bit)', '10.86.80.9', 2, 8, 300, 'vmx-13', 'Guest Tools Running', 'Guest Tools Supported New', '12.1.0'),
('Winsvr00245', 'Cluster_033', 'vCenter_002', 1, 'Microsoft Windows Server 2016 or later (64-bit)', '10.87.32.67', 4, 32, 400, 'vmx-13', 'Guest Tools Running', 'Guest Tools Supported New', '12.1.0'),
('Winsvr00246', 'Cluster_033', 'vCenter_002', 1, 'Microsoft Windows Server 2016 or later (64-bit)', '10.87.32.68', 4, 32, 400, 'vmx-13', 'Guest Tools Running', 'Guest Tools Supported New', '12.1.0'),
('Winsvr00247', 'Cluster_033', 'vCenter_002', 1, 'Microsoft Windows Server 2016 or later (64-bit)', '10.87.40.31', 12, 128, 1305, 'vmx-13', 'Guest Tools Running', 'Guest Tools Supported New', '12.1.0'),
('Winsvr00248', 'Cluster_033', 'vCenter_002', 1, 'Microsoft Windows Server 2016 or later (64-bit)', '10.87.40.32', 8, 128, 1050, 'vmx-13', 'Guest Tools Running', 'Guest Tools Supported New', '12.1.0'),
('Winsvr00249', 'Cluster_033', 'vCenter_002', 1, 'Microsoft Windows Server 2016 or later (64-bit)', '10.87.40.29', 8, 64, 700, 'vmx-13', 'Guest Tools Running', 'Guest Tools Supported New', '12.1.0');
INSERT INTO `server` (`serverName`, `parentCluster`, `parentCenter`, `isPowered`, `guestOS`, `ipAddress`, `vCPU`, `memory`, `diskSpace`, `hardware`, `toolsStaus`, `toolsState`, `toolsVersion`) VALUES
('Winsvr00250', 'Cluster_033', 'vCenter_002', 1, 'Microsoft Windows Server 2016 or later (64-bit)', '10.87.40.28', 4, 32, 300, 'vmx-13', 'Guest Tools Running', 'Guest Tools Supported New', '12.1.0'),
('Winsvr00251', 'Cluster_033', 'vCenter_002', 1, 'Microsoft Windows Server 2016 or later (64-bit)', '10.87.40.30', 6, 32, 300, 'vmx-13', 'Guest Tools Running', 'Guest Tools Supported New', '12.1.0'),
('Winsvr00252', 'Cluster_033', 'vCenter_002', 1, 'Microsoft Windows Server 2016 or later (64-bit)', '10.87.40.26', 6, 32, 550, 'vmx-13', 'Guest Tools Running', 'Guest Tools Supported New', '12.1.0'),
('Winsvr00253', 'Cluster_033', 'vCenter_002', 1, 'Microsoft Windows Server 2016 or later (64-bit)', '10.87.40.27', 4, 32, 1200, 'vmx-13', 'Guest Tools Running', 'Guest Tools Supported New', '12.1.0'),
('Winsvr00254', 'Cluster_034', 'vCenter_002', 1, 'Microsoft Windows Server 2016 or later (64-bit)', '10.47.112.95', 4, 32, 400, 'vmx-13', 'Guest Tools Running', 'Guest Tools Supported New', '12.1.0'),
('Winsvr00255', 'Cluster_034', 'vCenter_002', 1, 'Microsoft Windows Server 2016 or later (64-bit)', '10.47.114.17', 4, 32, 400, 'vmx-13', 'Guest Tools Running', 'Guest Tools Supported New', '12.1.0'),
('Winsvr00256', 'Cluster_034', 'vCenter_002', 1, 'Microsoft Windows Server 2016 or later (64-bit)', '10.47.112.97', 12, 128, 1000, 'vmx-13', 'Guest Tools Running', 'Guest Tools Supported New', '12.1.0'),
('Winsvr00257', 'Cluster_034', 'vCenter_002', 1, 'Microsoft Windows Server 2016 or later (64-bit)', '10.47.112.255', 8, 128, 705, 'vmx-13', 'Guest Tools Running', 'Guest Tools Supported New', '12.1.0'),
('Winsvr00258', 'Cluster_034', 'vCenter_002', 1, 'Microsoft Windows Server 2016 or later (64-bit)', '10.47.113.159', 12, 64, 450, 'vmx-13', 'Guest Tools Running', 'Guest Tools Supported New', '12.1.0'),
('Winsvr00259', 'Cluster_034', 'vCenter_002', 1, 'Microsoft Windows Server 2016 or later (64-bit)', '10.47.114.0', 4, 32, 300, 'vmx-13', 'Guest Tools Running', 'Guest Tools Supported New', '12.1.0'),
('Winsvr00260', 'Cluster_034', 'vCenter_002', 1, 'Microsoft Windows Server 2016 or later (64-bit)', '10.47.114.14', 4, 32, 300, 'vmx-13', 'Guest Tools Running', 'Guest Tools Supported New', '12.1.0'),
('Winsvr00261', 'Cluster_034', 'vCenter_002', 1, 'Microsoft Windows Server 2016 or later (64-bit)', '10.47.114.15', 4, 32, 550, 'vmx-13', 'Guest Tools Running', 'Guest Tools Supported New', '12.1.0'),
('Winsvr00262', 'Cluster_034', 'vCenter_002', 1, 'Microsoft Windows Server 2016 or later (64-bit)', '10.47.114.16', 4, 32, 1200, 'vmx-13', 'Guest Tools Running', 'Guest Tools Supported New', '12.1.0'),
('Winsvr00263', 'Cluster_034', 'vCenter_002', 1, 'Microsoft Windows Server 2016 or later (64-bit)', '10.47.119.254', 2, 8, 300, 'vmx-13', 'Guest Tools Running', 'Guest Tools Supported New', '12.1.0'),
('Winsvr00264', 'Cluster_035', 'vCenter_002', 1, 'Microsoft Windows Server 2016 or later (64-bit)', '10.29.172.220', 4, 32, 400, 'vmx-13', 'Guest Tools Running', 'Guest Tools Supported New', '12.1.0'),
('Winsvr00265', 'Cluster_035', 'vCenter_002', 1, 'Microsoft Windows Server 2016 or later (64-bit)', '10.29.172.221', 4, 32, 400, 'vmx-13', 'Guest Tools Running', 'Guest Tools Supported New', '12.1.0'),
('Winsvr00266', 'Cluster_035', 'vCenter_002', 1, 'Microsoft Windows Server 2016 or later (64-bit)', '10.29.172.222', 12, 128, 1025, 'vmx-13', 'Guest Tools Running', 'Guest Tools Supported New', '12.1.0'),
('Winsvr00267', 'Cluster_035', 'vCenter_002', 1, 'Microsoft Windows Server 2016 or later (64-bit)', '10.29.172.223', 8, 128, 635, 'vmx-13', 'Guest Tools Running', 'Guest Tools Supported New', '12.1.0'),
('Winsvr00268', 'Cluster_035', 'vCenter_002', 1, 'Microsoft Windows Server 2016 or later (64-bit)', '10.29.172.224', 12, 64, 450, 'vmx-13', 'Guest Tools Running', 'Guest Tools Supported New', '12.1.0'),
('Winsvr00269', 'Cluster_035', 'vCenter_002', 1, 'Microsoft Windows Server 2016 or later (64-bit)', '10.29.172.225', 4, 32, 300, 'vmx-13', 'Guest Tools Running', 'Guest Tools Supported New', '12.1.0'),
('Winsvr00270', 'Cluster_035', 'vCenter_002', 1, 'Microsoft Windows Server 2016 or later (64-bit)', '10.29.172.226', 4, 32, 300, 'vmx-13', 'Guest Tools Running', 'Guest Tools Supported New', '12.1.0'),
('Winsvr00271', 'Cluster_035', 'vCenter_002', 1, 'Microsoft Windows Server 2016 or later (64-bit)', '10.29.172.227', 4, 32, 550, 'vmx-13', 'Guest Tools Running', 'Guest Tools Supported New', '12.1.0'),
('Winsvr00272', 'Cluster_035', 'vCenter_002', 1, 'Microsoft Windows Server 2016 or later (64-bit)', '10.29.172.228', 4, 32, 1200, 'vmx-13', 'Guest Tools Running', 'Guest Tools Supported New', '12.1.0'),
('Winsvr00273', 'Cluster_035', 'vCenter_002', 1, 'Microsoft Windows Server 2016 or later (64-bit)', '10.29.172.9', 2, 8, 300, 'vmx-13', 'Guest Tools Running', 'Guest Tools Supported New', '12.1.0'),
('Winsvr00274', 'Cluster_036', 'vCenter_002', 1, 'Microsoft Windows Server 2016 or later (64-bit)', '10.80.152.70', 4, 32, 400, 'vmx-13', 'Guest Tools Running', 'Guest Tools Supported New', '12.1.0'),
('Winsvr00275', 'Cluster_036', 'vCenter_002', 1, 'Microsoft Windows Server 2016 or later (64-bit)', '10.80.152.71', 4, 32, 400, 'vmx-13', 'Guest Tools Running', 'Guest Tools Supported New', '12.1.0'),
('Winsvr00276', 'Cluster_036', 'vCenter_002', 1, 'Microsoft Windows Server 2016 or later (64-bit)', '10.80.152.86', 8, 64, 900, 'vmx-13', 'Guest Tools Running', 'Guest Tools Supported New', '12.1.0'),
('Winsvr00277', 'Cluster_036', 'vCenter_002', 1, 'Microsoft Windows Server 2016 or later (64-bit)', '10.80.152.87', 6, 64, 655, 'vmx-13', 'Guest Tools Running', 'Guest Tools Supported New', '12.1.0'),
('Winsvr00278', 'Cluster_036', 'vCenter_002', 1, 'Microsoft Windows Server 2016 or later (64-bit)', '10.80.152.88', 6, 32, 500, 'vmx-13', 'Guest Tools Running', 'Guest Tools Supported New', '12.1.0'),
('Winsvr00279', 'Cluster_036', 'vCenter_002', 1, 'Microsoft Windows Server 2016 or later (64-bit)', '10.80.152.89', 4, 32, 300, 'vmx-13', 'Guest Tools Running', 'Guest Tools Supported New', '12.1.0'),
('Winsvr00280', 'Cluster_036', 'vCenter_002', 1, 'Microsoft Windows Server 2016 or later (64-bit)', '10.80.152.90', 4, 32, 300, 'vmx-13', 'Guest Tools Running', 'Guest Tools Supported New', '12.1.0'),
('Winsvr00281', 'Cluster_036', 'vCenter_002', 1, 'Microsoft Windows Server 2016 or later (64-bit)', '10.80.152.91', 4, 32, 550, 'vmx-13', 'Guest Tools Running', 'Guest Tools Supported New', '12.1.0'),
('Winsvr00282', 'Cluster_036', 'vCenter_002', 1, 'Microsoft Windows Server 2016 or later (64-bit)', '10.80.152.93', 4, 32, 1200, 'vmx-13', 'Guest Tools Running', 'Guest Tools Supported New', '12.1.0'),
('Winsvr00283', 'Cluster_037', 'vCenter_002', 1, 'Microsoft Windows Server 2016 or later (64-bit)', '10.79.148.166', 8, 64, 900, 'vmx-13', 'Guest Tools Running', 'Guest Tools Supported New', '12.1.0'),
('Winsvr00284', 'Cluster_037', 'vCenter_002', 1, 'Microsoft Windows Server 2016 or later (64-bit)', '10.79.148.167', 6, 64, 625, 'vmx-13', 'Guest Tools Running', 'Guest Tools Supported New', '12.1.0'),
('Winsvr00285', 'Cluster_037', 'vCenter_002', 1, 'Microsoft Windows Server 2016 or later (64-bit)', '10.79.148.164', 6, 32, 500, 'vmx-13', 'Guest Tools Running', 'Guest Tools Supported New', '12.1.0'),
('Winsvr00286', 'Cluster_037', 'vCenter_002', 1, 'Microsoft Windows Server 2016 or later (64-bit)', '10.79.148.165', 4, 32, 300, 'vmx-13', 'Guest Tools Running', 'Guest Tools Supported New', '12.1.0'),
('Winsvr00287', 'Cluster_037', 'vCenter_002', 1, 'Microsoft Windows Server 2016 or later (64-bit)', '10.79.148.93', 4, 32, 300, 'vmx-13', 'Guest Tools Running', 'Guest Tools Supported New', '12.1.0'),
('Winsvr00288', 'Cluster_037', 'vCenter_002', 1, 'Microsoft Windows Server 2016 or later (64-bit)', '10.79.148.86', 4, 32, 550, 'vmx-13', 'Guest Tools Running', 'Guest Tools Supported New', '12.1.0'),
('Winsvr00289', 'Cluster_037', 'vCenter_002', 1, 'Microsoft Windows Server 2016 or later (64-bit)', '10.79.148.89', 4, 32, 1200, 'vmx-13', 'Guest Tools Running', 'Guest Tools Supported New', '12.1.0'),
('Winsvr00290', 'Cluster_038', 'vCenter_002', 1, 'Microsoft Windows Server 2016 or later (64-bit)', '10.79.172.170', 8, 64, 900, 'vmx-13', 'Guest Tools Running', 'Guest Tools Supported New', '12.1.0'),
('Winsvr00291', 'Cluster_038', 'vCenter_002', 1, 'Microsoft Windows Server 2016 or later (64-bit)', '10.79.172.171', 6, 64, 625, 'vmx-13', 'Guest Tools Running', 'Guest Tools Supported New', '12.1.0'),
('Winsvr00292', 'Cluster_038', 'vCenter_002', 1, 'Microsoft Windows Server 2016 or later (64-bit)', '10.79.172.90', 6, 32, 500, 'vmx-13', 'Guest Tools Running', 'Guest Tools Supported New', '12.1.0'),
('Winsvr00293', 'Cluster_038', 'vCenter_002', 1, 'Microsoft Windows Server 2016 or later (64-bit)', '10.79.172.98', 4, 32, 300, 'vmx-13', 'Guest Tools Running', 'Guest Tools Supported New', '12.1.0'),
('Winsvr00294', 'Cluster_038', 'vCenter_002', 1, 'Microsoft Windows Server 2016 or later (64-bit)', '10.79.172.89', 4, 32, 300, 'vmx-13', 'Guest Tools Running', 'Guest Tools Supported New', '12.1.0'),
('Winsvr00295', 'Cluster_038', 'vCenter_002', 1, 'Microsoft Windows Server 2016 or later (64-bit)', '10.79.172.85', 4, 32, 550, 'vmx-13', 'Guest Tools Running', 'Guest Tools Supported New', '12.1.0'),
('Winsvr00296', 'Cluster_038', 'vCenter_002', 1, 'Microsoft Windows Server 2016 or later (64-bit)', '10.79.172.87', 4, 32, 1200, 'vmx-13', 'Guest Tools Running', 'Guest Tools Supported New', '12.1.0'),
('Winsvr00297', 'Cluster_038', 'vCenter_002', 1, 'Microsoft Windows Server 2016 or later (64-bit)', '10.79.172.177', 4, 32, 550, 'vmx-14', 'Guest Tools Running', 'Guest Tools Supported New', '12.1.0'),
('Winsvr00298', 'Cluster_039', 'vCenter_002', 1, 'Microsoft Windows Server 2016 or later (64-bit)', '10.36.40.90', 8, 64, 900, 'vmx-13', 'Guest Tools Running', 'Guest Tools Supported New', '12.1.0'),
('Winsvr00299', 'Cluster_039', 'vCenter_002', 1, 'Microsoft Windows Server 2016 or later (64-bit)', '10.36.40.91', 6, 64, 625, 'vmx-13', 'Guest Tools Running', 'Guest Tools Supported New', '12.1.0'),
('Winsvr00300', 'Cluster_039', 'vCenter_002', 1, 'Microsoft Windows Server 2016 or later (64-bit)', '10.36.40.88', 6, 32, 500, 'vmx-13', 'Guest Tools Running', 'Guest Tools Supported New', '12.1.0'),
('Winsvr00301', 'Cluster_039', 'vCenter_002', 1, 'Microsoft Windows Server 2016 or later (64-bit)', '10.36.40.89', 4, 32, 300, 'vmx-13', 'Guest Tools Running', 'Guest Tools Supported New', '12.1.0'),
('Winsvr00302', 'Cluster_039', 'vCenter_002', 1, 'Microsoft Windows Server 2016 or later (64-bit)', '10.36.40.87', 4, 32, 300, 'vmx-13', 'Guest Tools Running', 'Guest Tools Supported New', '12.1.0'),
('Winsvr00303', 'Cluster_039', 'vCenter_002', 1, 'Microsoft Windows Server 2016 or later (64-bit)', '10.36.40.85', 4, 32, 550, 'vmx-13', 'Guest Tools Running', 'Guest Tools Supported New', '12.1.0'),
('Winsvr00304', 'Cluster_039', 'vCenter_002', 1, 'Microsoft Windows Server 2016 or later (64-bit)', '10.36.40.86', 4, 32, 1200, 'vmx-13', 'Guest Tools Running', 'Guest Tools Supported New', '12.1.0'),
('Winsvr00305', 'Cluster_039', 'vCenter_002', 1, 'Microsoft Windows Server 2016 or later (64-bit)', '10.36.40.9', 2, 8, 300, 'vmx-13', 'Guest Tools Running', 'Guest Tools Supported New', '12.1.0'),
('Winsvr00306', 'Cluster_040', 'vCenter_002', 1, 'Microsoft Windows Server 2016 or later (64-bit)', '10.18.188.241', 8, 64, 900, 'vmx-13', 'Guest Tools Running', 'Guest Tools Supported New', '12.1.0'),
('Winsvr00307', 'Cluster_040', 'vCenter_002', 1, 'Microsoft Windows Server 2016 or later (64-bit)', '10.18.188.242', 6, 64, 625, 'vmx-13', 'Guest Tools Running', 'Guest Tools Supported New', '12.1.0'),
('Winsvr00308', 'Cluster_040', 'vCenter_002', 1, 'Microsoft Windows Server 2016 or later (64-bit)', '10.18.188.239', 6, 32, 500, 'vmx-13', 'Guest Tools Running', 'Guest Tools Supported New', '12.1.0'),
('Winsvr00309', 'Cluster_040', 'vCenter_002', 1, 'Microsoft Windows Server 2016 or later (64-bit)', '10.18.188.240', 4, 32, 300, 'vmx-13', 'Guest Tools Running', 'Guest Tools Supported New', '12.1.0'),
('Winsvr00310', 'Cluster_040', 'vCenter_002', 1, 'Microsoft Windows Server 2016 or later (64-bit)', '10.18.188.238', 4, 32, 300, 'vmx-13', 'Guest Tools Running', 'Guest Tools Supported New', '12.1.0'),
('Winsvr00311', 'Cluster_040', 'vCenter_002', 1, 'Microsoft Windows Server 2016 or later (64-bit)', '10.18.188.236', 4, 32, 550, 'vmx-13', 'Guest Tools Running', 'Guest Tools Supported New', '12.1.0'),
('Winsvr00312', 'Cluster_040', 'vCenter_002', 1, 'Microsoft Windows Server 2016 or later (64-bit)', '10.18.188.237', 4, 32, 1200, 'vmx-13', 'Guest Tools Running', 'Guest Tools Supported New', '12.1.0'),
('Winsvr00313', 'Cluster_041', 'vCenter_002', 1, 'Microsoft Windows Server 2016 or later (64-bit)', '10.18.148.148', 8, 64, 900, 'vmx-13', 'Guest Tools Running', 'Guest Tools Supported New', '12.1.0'),
('Winsvr00314', 'Cluster_041', 'vCenter_002', 1, 'Microsoft Windows Server 2016 or later (64-bit)', '10.18.148.149', 6, 64, 660, 'vmx-13', 'Guest Tools Running', 'Guest Tools Supported New', '12.1.0'),
('Winsvr00315', 'Cluster_041', 'vCenter_002', 1, 'Microsoft Windows Server 2016 or later (64-bit)', '10.18.148.146', 6, 32, 500, 'vmx-13', 'Guest Tools Running', 'Guest Tools Supported New', '12.1.0'),
('Winsvr00316', 'Cluster_041', 'vCenter_002', 1, 'Microsoft Windows Server 2016 or later (64-bit)', '10.18.148.147', 4, 32, 300, 'vmx-13', 'Guest Tools Running', 'Guest Tools Supported New', '12.1.0'),
('Winsvr00317', 'Cluster_041', 'vCenter_002', 1, 'Microsoft Windows Server 2016 or later (64-bit)', '10.18.148.94', 4, 32, 300, 'vmx-13', 'Guest Tools Running', 'Guest Tools Supported New', '12.1.0'),
('Winsvr00318', 'Cluster_041', 'vCenter_002', 1, 'Microsoft Windows Server 2016 or later (64-bit)', '10.18.148.85', 4, 32, 550, 'vmx-13', 'Guest Tools Running', 'Guest Tools Supported New', '12.1.0'),
('Winsvr00319', 'Cluster_041', 'vCenter_002', 1, 'Microsoft Windows Server 2016 or later (64-bit)', '10.18.148.87', 4, 32, 1200, 'vmx-13', 'Guest Tools Running', 'Guest Tools Supported New', '12.1.0'),
('Winsvr00320', 'Cluster_041', 'vCenter_002', 1, 'Microsoft Windows Server 2016 or later (64-bit)', '10.18.148.157', 4, 32, 550, 'vmx-14', 'Guest Tools Running', 'Guest Tools Supported New', '12.1.0'),
('Winsvr00321', 'Cluster_042', 'vCenter_002', 1, 'Microsoft Windows Server 2016 or later (64-bit)', '10.19.16.80', 4, 32, 400, 'vmx-13', 'Guest Tools Running', 'Guest Tools Supported New', '12.1.0'),
('Winsvr00322', 'Cluster_042', 'vCenter_002', 1, 'Microsoft Windows Server 2016 or later (64-bit)', '10.19.16.81', 4, 32, 400, 'vmx-13', 'Guest Tools Running', 'Guest Tools Supported New', '12.1.0'),
('Winsvr00323', 'Cluster_042', 'vCenter_002', 1, 'Microsoft Windows Server 2016 or later (64-bit)', '10.19.16.85', 4, 32, 850, 'vmx-13', 'Guest Tools Running', 'Guest Tools Supported New', '12.1.0'),
('Winsvr00324', 'Cluster_042', 'vCenter_002', 1, 'Microsoft Windows Server 2016 or later (64-bit)', '10.19.16.86', 4, 32, 590, 'vmx-13', 'Guest Tools Running', 'Guest Tools Supported New', '12.1.0'),
('Winsvr00325', 'Cluster_042', 'vCenter_002', 1, 'Microsoft Windows Server 2016 or later (64-bit)', '10.19.16.87', 4, 32, 450, 'vmx-13', 'Guest Tools Running', 'Guest Tools Supported New', '12.1.0'),
('Winsvr00326', 'Cluster_042', 'vCenter_002', 1, 'Microsoft Windows Server 2016 or later (64-bit)', '10.19.16.88', 4, 32, 300, 'vmx-13', 'Guest Tools Running', 'Guest Tools Supported New', '12.1.0'),
('Winsvr00327', 'Cluster_042', 'vCenter_002', 1, 'Microsoft Windows Server 2016 or later (64-bit)', '10.19.16.89', 4, 32, 300, 'vmx-13', 'Guest Tools Running', 'Guest Tools Supported New', '12.1.0'),
('Winsvr00328', 'Cluster_042', 'vCenter_002', 1, 'Microsoft Windows Server 2016 or later (64-bit)', '10.19.16.90', 4, 32, 550, 'vmx-13', 'Guest Tools Running', 'Guest Tools Supported New', '12.1.0'),
('Winsvr00329', 'Cluster_042', 'vCenter_002', 1, 'Microsoft Windows Server 2016 or later (64-bit)', '10.19.16.91', 4, 32, 1200, 'vmx-13', 'Guest Tools Running', 'Guest Tools Supported New', '12.1.0'),
('Winsvr00330', 'Cluster_042', 'vCenter_002', 1, 'Microsoft Windows Server 2016 or later (64-bit)', '10.19.16.9', 2, 8, 300, 'vmx-13', 'Guest Tools Running', 'Guest Tools Supported New', '12.1.0'),
('Winsvr00331', 'Cluster_043', 'vCenter_002', 1, 'Microsoft Windows Server 2016 or later (64-bit)', '10.23.208.121', 4, 32, 600, 'vmx-13', 'Guest Tools Running', 'Guest Tools Supported New', '12.1.0'),
('Winsvr00332', 'Cluster_043', 'vCenter_002', 1, 'Microsoft Windows Server 2016 or later (64-bit)', '10.23.208.122', 4, 32, 600, 'vmx-13', 'Guest Tools Running', 'Guest Tools Supported New', '12.1.0'),
('Winsvr00333', 'Cluster_043', 'vCenter_002', 1, 'Microsoft Windows Server 2016 or later (64-bit)', '10.23.208.85', 12, 128, 1360, 'vmx-13', 'Guest Tools Running', 'Guest Tools Supported New', '12.1.0'),
('Winsvr00334', 'Cluster_043', 'vCenter_002', 1, 'Microsoft Windows Server 2016 or later (64-bit)', '10.23.208.86', 8, 128, 1070, 'vmx-13', 'Guest Tools Running', 'Guest Tools Supported New', '12.1.0'),
('Winsvr00335', 'Cluster_043', 'vCenter_002', 1, 'Microsoft Windows Server 2016 or later (64-bit)', '10.23.208.87', 12, 128, 700, 'vmx-13', 'Guest Tools Running', 'Guest Tools Supported New', '12.1.0'),
('Winsvr00336', 'Cluster_043', 'vCenter_002', 1, 'Microsoft Windows Server 2016 or later (64-bit)', '10.23.208.88', 6, 32, 300, 'vmx-13', 'Guest Tools Running', 'Guest Tools Supported New', '12.1.0'),
('Winsvr00337', 'Cluster_043', 'vCenter_002', 1, 'Microsoft Windows Server 2016 or later (64-bit)', '10.23.208.89', 4, 32, 300, 'vmx-13', 'Guest Tools Running', 'Guest Tools Supported New', '12.1.0'),
('Winsvr00338', 'Cluster_043', 'vCenter_002', 1, 'Microsoft Windows Server 2016 or later (64-bit)', '10.23.208.90', 6, 32, 550, 'vmx-13', 'Guest Tools Running', 'Guest Tools Supported New', '12.1.0'),
('Winsvr00339', 'Cluster_043', 'vCenter_002', 1, 'Microsoft Windows Server 2016 or later (64-bit)', '10.23.208.91', 4, 32, 1200, 'vmx-13', 'Guest Tools Running', 'Guest Tools Supported New', '12.1.0'),
('Winsvr00340', 'Cluster_043', 'vCenter_002', 1, 'Microsoft Windows Server 2016 or later (64-bit)', '10.23.208.50', 2, 8, 300, 'vmx-13', 'Guest Tools Running', 'Guest Tools Supported New', '12.1.0'),
('Winsvr00341', 'Cluster_043', 'vCenter_002', 1, 'Microsoft Windows Server 2016 or later (64-bit)', '10.23.208.81', 8, 32, 490, 'vmx-13', 'Guest Tools Running', 'Guest Tools Supported New', '12.0.5'),
('Winsvr00342', 'Cluster_044', 'vCenter_002', 1, 'Microsoft Windows Server 2016 or later (64-bit)', '10.24.88.95', 12, 128, 1305, 'vmx-13', 'Guest Tools Running', 'Guest Tools Supported New', '12.1.0'),
('Winsvr00343', 'Cluster_044', 'vCenter_002', 1, 'Microsoft Windows Server 2016 or later (64-bit)', '10.24.88.98', 8, 128, 1050, 'vmx-13', 'Guest Tools Running', 'Guest Tools Supported New', '12.1.0'),
('Winsvr00344', 'Cluster_044', 'vCenter_002', 1, 'Microsoft Windows Server 2016 or later (64-bit)', '10.24.88.93', 8, 64, 700, 'vmx-13', 'Guest Tools Running', 'Guest Tools Supported New', '12.1.0'),
('Winsvr00345', 'Cluster_044', 'vCenter_002', 1, 'Microsoft Windows Server 2016 or later (64-bit)', '10.24.88.94', 6, 32, 300, 'vmx-13', 'Guest Tools Running', 'Guest Tools Supported New', '12.1.0'),
('Winsvr00346', 'Cluster_044', 'vCenter_002', 1, 'Microsoft Windows Server 2016 or later (64-bit)', '10.24.88.92', 4, 32, 300, 'vmx-13', 'Guest Tools Running', 'Guest Tools Supported New', '12.1.0'),
('Winsvr00347', 'Cluster_044', 'vCenter_002', 1, 'Microsoft Windows Server 2016 or later (64-bit)', '10.24.88.85', 6, 32, 550, 'vmx-13', 'Guest Tools Running', 'Guest Tools Supported New', '12.1.0'),
('Winsvr00348', 'Cluster_044', 'vCenter_002', 1, 'Microsoft Windows Server 2016 or later (64-bit)', '10.24.88.88', 4, 32, 1200, 'vmx-13', 'Guest Tools Running', 'Guest Tools Supported New', '12.1.0'),
('Winsvr00349', 'Cluster_045', 'vCenter_002', 1, 'Microsoft Windows Server 2016 or later (64-bit)', '10.19.152.243', 12, 128, 1330, 'vmx-13', 'Guest Tools Running', 'Guest Tools Supported New', '12.1.0'),
('Winsvr00350', 'Cluster_045', 'vCenter_002', 1, 'Microsoft Windows Server 2016 or later (64-bit)', '10.19.152.244', 8, 128, 1050, 'vmx-13', 'Guest Tools Running', 'Guest Tools Supported New', '12.1.0'),
('Winsvr00351', 'Cluster_045', 'vCenter_002', 1, 'Microsoft Windows Server 2016 or later (64-bit)', '10.19.152.241', 8, 64, 700, 'vmx-13', 'Guest Tools Running', 'Guest Tools Supported New', '12.1.0'),
('Winsvr00352', 'Cluster_045', 'vCenter_002', 1, 'Microsoft Windows Server 2016 or later (64-bit)', '10.19.152.242', 6, 32, 300, 'vmx-13', 'Guest Tools Running', 'Guest Tools Supported New', '12.1.0'),
('Winsvr00353', 'Cluster_045', 'vCenter_002', 1, 'Microsoft Windows Server 2016 or later (64-bit)', '10.19.152.240', 4, 32, 300, 'vmx-13', 'Guest Tools Running', 'Guest Tools Supported New', '12.1.0'),
('Winsvr00354', 'Cluster_045', 'vCenter_002', 1, 'Microsoft Windows Server 2016 or later (64-bit)', '10.19.152.238', 6, 32, 550, 'vmx-13', 'Guest Tools Running', 'Guest Tools Supported New', '12.1.0'),
('Winsvr00355', 'Cluster_045', 'vCenter_002', 1, 'Microsoft Windows Server 2016 or later (64-bit)', '10.19.152.239', 4, 32, 1200, 'vmx-13', 'Guest Tools Running', 'Guest Tools Supported New', '12.1.0'),
('Winsvr00356', 'Cluster_046', 'vCenter_002', 1, 'Microsoft Windows Server 2016 or later (64-bit)', '10.42.120.200', 12, 128, 1305, 'vmx-13', 'Guest Tools Running', 'Guest Tools Supported New', '12.1.0'),
('Winsvr00357', 'Cluster_046', 'vCenter_002', 1, 'Microsoft Windows Server 2016 or later (64-bit)', '10.42.120.252', 8, 128, 1050, 'vmx-13', 'Guest Tools Running', 'Guest Tools Supported New', '12.1.0'),
('Winsvr00358', 'Cluster_046', 'vCenter_002', 1, 'Microsoft Windows Server 2016 or later (64-bit)', '10.42.120.198', 8, 64, 700, 'vmx-13', 'Guest Tools Running', 'Guest Tools Supported New', '12.1.0'),
('Winsvr00359', 'Cluster_046', 'vCenter_002', 1, 'Microsoft Windows Server 2016 or later (64-bit)', '10.42.120.199', 6, 32, 300, 'vmx-13', 'Guest Tools Running', 'Guest Tools Supported New', '12.1.0'),
('Winsvr00360', 'Cluster_046', 'vCenter_002', 1, 'Microsoft Windows Server 2016 or later (64-bit)', '10.42.120.162', 4, 32, 300, 'vmx-13', 'Guest Tools Running', 'Guest Tools Supported New', '12.1.0'),
('Winsvr00361', 'Cluster_046', 'vCenter_002', 1, 'Microsoft Windows Server 2016 or later (64-bit)', '10.42.120.159', 6, 32, 550, 'vmx-13', 'Guest Tools Running', 'Guest Tools Supported New', '12.1.0'),
('Winsvr00362', 'Cluster_046', 'vCenter_002', 1, 'Microsoft Windows Server 2016 or later (64-bit)', '10.42.120.160', 4, 32, 1200, 'vmx-13', 'Guest Tools Running', 'Guest Tools Supported New', '12.1.0'),
('Winsvr00363', 'Cluster_047', 'vCenter_002', 1, 'Microsoft Windows Server 2016 or later (64-bit)', '10.51.40.175', 4, 32, 400, 'vmx-13', 'Guest Tools Running', 'Guest Tools Supported New', '12.1.0'),
('Winsvr00364', 'Cluster_047', 'vCenter_002', 1, 'Microsoft Windows Server 2016 or later (64-bit)', '10.51.40.176', 4, 32, 400, 'vmx-13', 'Guest Tools Running', 'Guest Tools Supported New', '12.1.0'),
('Winsvr00365', 'Cluster_047', 'vCenter_002', 1, 'Microsoft Windows Server 2016 or later (64-bit)', '10.51.40.190', 4, 32, 850, 'vmx-13', 'Guest Tools Running', 'Guest Tools Supported New', '12.1.0'),
('Winsvr00366', 'Cluster_047', 'vCenter_002', 1, 'Microsoft Windows Server 2016 or later (64-bit)', '10.51.40.191', 4, 32, 590, 'vmx-13', 'Guest Tools Running', 'Guest Tools Supported New', '12.1.0'),
('Winsvr00367', 'Cluster_047', 'vCenter_002', 1, 'Microsoft Windows Server 2016 or later (64-bit)', '10.51.40.192', 4, 32, 450, 'vmx-13', 'Guest Tools Running', 'Guest Tools Supported New', '12.1.0'),
('Winsvr00368', 'Cluster_047', 'vCenter_002', 1, 'Microsoft Windows Server 2016 or later (64-bit)', '10.51.40.193', 4, 32, 300, 'vmx-13', 'Guest Tools Running', 'Guest Tools Supported New', '12.1.0'),
('Winsvr00369', 'Cluster_047', 'vCenter_002', 1, 'Microsoft Windows Server 2016 or later (64-bit)', '10.51.40.194', 4, 32, 300, 'vmx-13', 'Guest Tools Running', 'Guest Tools Supported New', '12.1.0'),
('Winsvr00370', 'Cluster_047', 'vCenter_002', 1, 'Microsoft Windows Server 2016 or later (64-bit)', '10.51.40.195', 4, 32, 550, 'vmx-13', 'Guest Tools Running', 'Guest Tools Supported New', '12.1.0'),
('Winsvr00371', 'Cluster_047', 'vCenter_002', 1, 'Microsoft Windows Server 2016 or later (64-bit)', '10.51.40.196', 4, 32, 1200, 'vmx-13', 'Guest Tools Running', 'Guest Tools Supported New', '12.1.0'),
('Winsvr00372', 'Cluster_048', 'vCenter_002', 1, 'Microsoft Windows Server 2016 or later (64-bit)', '10.89.172.156', 4, 32, 400, 'vmx-13', 'Guest Tools Running', 'Guest Tools Supported New', '12.1.0'),
('Winsvr00373', 'Cluster_048', 'vCenter_002', 1, 'Microsoft Windows Server 2016 or later (64-bit)', '10.89.172.157', 4, 32, 400, 'vmx-13', 'Guest Tools Running', 'Guest Tools Supported New', '12.1.0'),
('Winsvr00374', 'Cluster_048', 'vCenter_002', 1, 'Microsoft Windows Server 2016 or later (64-bit)', '10.89.172.92', 4, 32, 850, 'vmx-13', 'Guest Tools Running', 'Guest Tools Supported New', '12.1.0'),
('Winsvr00375', 'Cluster_048', 'vCenter_002', 1, 'Microsoft Windows Server 2016 or later (64-bit)', '10.89.172.93', 4, 32, 590, 'vmx-13', 'Guest Tools Running', 'Guest Tools Supported New', '12.1.0'),
('Winsvr00376', 'Cluster_048', 'vCenter_002', 1, 'Microsoft Windows Server 2016 or later (64-bit)', '10.89.172.90', 4, 32, 450, 'vmx-13', 'Guest Tools Running', 'Guest Tools Supported New', '12.1.0'),
('Winsvr00377', 'Cluster_048', 'vCenter_002', 1, 'Microsoft Windows Server 2016 or later (64-bit)', '10.89.172.91', 4, 32, 300, 'vmx-13', 'Guest Tools Running', 'Guest Tools Supported New', '12.1.0'),
('Winsvr00378', 'Cluster_048', 'vCenter_002', 1, 'Microsoft Windows Server 2016 or later (64-bit)', '10.89.172.89', 4, 32, 300, 'vmx-13', 'Guest Tools Running', 'Guest Tools Supported New', '12.1.0'),
('Winsvr00379', 'Cluster_048', 'vCenter_002', 1, 'Microsoft Windows Server 2016 or later (64-bit)', '10.89.172.87', 4, 32, 550, 'vmx-13', 'Guest Tools Running', 'Guest Tools Supported New', '12.1.0'),
('Winsvr00380', 'Cluster_048', 'vCenter_002', 1, 'Microsoft Windows Server 2016 or later (64-bit)', '10.89.172.88', 4, 32, 1200, 'vmx-13', 'Guest Tools Running', 'Guest Tools Supported New', '12.1.0'),
('Winsvr00381', 'Cluster_048', 'vCenter_002', 1, 'Microsoft Windows Server 2016 or later (64-bit)', '10.89.172.9', 2, 8, 300, 'vmx-13', 'Guest Tools Running', 'Guest Tools Supported New', '12.1.0'),
('Winsvr00382', 'Cluster_049', 'vCenter_002', 1, 'Microsoft Windows Server 2016 or later (64-bit)', '10.81.217.11', 4, 32, 400, 'vmx-13', 'Guest Tools Running', 'Guest Tools Supported New', '12.1.0'),
('Winsvr00383', 'Cluster_049', 'vCenter_002', 1, 'Microsoft Windows Server 2016 or later (64-bit)', '10.81.217.12', 4, 32, 400, 'vmx-13', 'Guest Tools Running', 'Guest Tools Supported New', '12.1.0'),
('Winsvr00384', 'Cluster_049', 'vCenter_002', 1, 'Microsoft Windows Server 2016 or later (64-bit)', '10.81.217.10', 12, 128, 1305, 'vmx-13', 'Guest Tools Running', 'Guest Tools Supported New', '12.1.0'),
('Winsvr00385', 'Cluster_049', 'vCenter_002', 1, 'Microsoft Windows Server 2016 or later (64-bit)', '10.81.217.34', 8, 128, 1050, 'vmx-13', 'Guest Tools Running', 'Guest Tools Supported New', '12.1.0'),
('Winsvr00386', 'Cluster_049', 'vCenter_002', 1, 'Microsoft Windows Server 2016 or later (64-bit)', '10.81.217.35', 8, 64, 700, 'vmx-13', 'Guest Tools Running', 'Guest Tools Supported New', '12.1.0'),
('Winsvr00387', 'Cluster_049', 'vCenter_002', 1, 'Microsoft Windows Server 2016 or later (64-bit)', '10.81.217.36', 6, 32, 300, 'vmx-13', 'Guest Tools Running', 'Guest Tools Supported New', '12.1.0'),
('Winsvr00388', 'Cluster_049', 'vCenter_002', 1, 'Microsoft Windows Server 2016 or later (64-bit)', '10.81.217.37', 4, 32, 300, 'vmx-13', 'Guest Tools Running', 'Guest Tools Supported New', '12.1.0'),
('Winsvr00389', 'Cluster_049', 'vCenter_002', 1, 'Microsoft Windows Server 2016 or later (64-bit)', '10.81.217.38', 6, 32, 550, 'vmx-13', 'Guest Tools Running', 'Guest Tools Supported New', '12.1.0'),
('Winsvr00390', 'Cluster_049', 'vCenter_002', 1, 'Microsoft Windows Server 2016 or later (64-bit)', '10.81.217.39', 4, 32, 1200, 'vmx-13', 'Guest Tools Running', 'Guest Tools Supported New', '12.1.0'),
('Winsvr00391', 'Cluster_050', 'vCenter_002', 1, 'Microsoft Windows Server 2016 or later (64-bit)', '10.49.32.139', 8, 64, 900, 'vmx-13', 'Guest Tools Running', 'Guest Tools Supported New', '12.1.0'),
('Winsvr00392', 'Cluster_050', 'vCenter_002', 1, 'Microsoft Windows Server 2016 or later (64-bit)', '10.49.32.140', 6, 64, 625, 'vmx-13', 'Guest Tools Running', 'Guest Tools Supported New', '12.1.0'),
('Winsvr00393', 'Cluster_050', 'vCenter_002', 1, 'Microsoft Windows Server 2016 or later (64-bit)', '10.49.32.141', 6, 32, 500, 'vmx-13', 'Guest Tools Running', 'Guest Tools Supported New', '12.1.0'),
('Winsvr00394', 'Cluster_050', 'vCenter_002', 1, 'Microsoft Windows Server 2016 or later (64-bit)', '10.49.32.142', 4, 32, 300, 'vmx-13', 'Guest Tools Running', 'Guest Tools Supported New', '12.1.0'),
('Winsvr00395', 'Cluster_050', 'vCenter_002', 1, 'Microsoft Windows Server 2016 or later (64-bit)', '10.49.32.143', 4, 32, 300, 'vmx-13', 'Guest Tools Running', 'Guest Tools Supported New', '12.1.0'),
('Winsvr00396', 'Cluster_050', 'vCenter_002', 1, 'Microsoft Windows Server 2016 or later (64-bit)', '10.49.32.144', 4, 32, 550, 'vmx-13', 'Guest Tools Running', 'Guest Tools Supported New', '12.1.0'),
('Winsvr00397', 'Cluster_050', 'vCenter_002', 1, 'Microsoft Windows Server 2016 or later (64-bit)', '10.49.32.145', 4, 32, 1200, 'vmx-13', 'Guest Tools Running', 'Guest Tools Supported New', '12.1.0'),
('Winsvr00398', 'Cluster_050', 'vCenter_002', 1, 'Microsoft Windows Server 2016 or later (64-bit)', '10.49.32.137', 4, 32, 400, 'vmx-13', 'Guest Tools Running', 'Guest Tools Supported New', '12.1.0'),
('Winsvr00399', 'Cluster_050', 'vCenter_002', 1, 'Microsoft Windows Server 2016 or later (64-bit)', '10.49.32.138', 4, 32, 400, 'vmx-13', 'Guest Tools Running', 'Guest Tools Supported New', '12.1.0'),
('Winsvr00400', 'Cluster_050', 'vCenter_002', 1, 'Microsoft Windows Server 2016 or later (64-bit)', '10.49.32.9', 2, 8, 300, 'vmx-13', 'Guest Tools Running', 'Guest Tools Supported New', '12.1.0'),
('Winsvr00401', 'Cluster_051', 'vCenter_002', 1, 'Microsoft Windows Server 2016 or later (64-bit)', '10.187.9.85', 4, 32, 400, 'vmx-13', 'Guest Tools Running', 'Guest Tools Supported New', '12.1.0'),
('Winsvr00402', 'Cluster_051', 'vCenter_002', 1, 'Microsoft Windows Server 2016 or later (64-bit)', '10.187.9.86', 4, 32, 400, 'vmx-13', 'Guest Tools Running', 'Guest Tools Supported New', '12.1.0'),
('Winsvr00403', 'Cluster_051', 'vCenter_002', 1, 'Microsoft Windows Server 2016 or later (64-bit)', '10.187.10.55', 12, 128, 1305, 'vmx-13', 'Guest Tools Running', 'Guest Tools Supported New', '12.1.0'),
('Winsvr00404', 'Cluster_051', 'vCenter_002', 1, 'Microsoft Windows Server 2016 or later (64-bit)', '10.187.10.56', 8, 128, 1050, 'vmx-13', 'Guest Tools Running', 'Guest Tools Supported New', '12.1.0'),
('Winsvr00405', 'Cluster_051', 'vCenter_002', 1, 'Microsoft Windows Server 2016 or later (64-bit)', '10.187.10.57', 8, 64, 700, 'vmx-13', 'Guest Tools Running', 'Guest Tools Supported New', '12.1.0'),
('Winsvr00406', 'Cluster_051', 'vCenter_002', 1, 'Microsoft Windows Server 2016 or later (64-bit)', '10.187.10.58', 6, 32, 300, 'vmx-13', 'Guest Tools Running', 'Guest Tools Supported New', '12.1.0'),
('Winsvr00407', 'Cluster_051', 'vCenter_002', 1, 'Microsoft Windows Server 2016 or later (64-bit)', '10.187.10.59', 4, 32, 300, 'vmx-13', 'Guest Tools Running', 'Guest Tools Supported New', '12.1.0'),
('Winsvr00408', 'Cluster_051', 'vCenter_002', 1, 'Microsoft Windows Server 2016 or later (64-bit)', '10.187.10.60', 6, 32, 550, 'vmx-13', 'Guest Tools Running', 'Guest Tools Supported New', '12.1.0'),
('Winsvr00409', 'Cluster_051', 'vCenter_002', 1, 'Microsoft Windows Server 2016 or later (64-bit)', '10.187.10.61', 4, 32, 1200, 'vmx-13', 'Guest Tools Running', 'Guest Tools Supported New', '12.1.0'),
('Winsvr00410', 'Cluster_052', 'vCenter_002', 1, 'Microsoft Windows Server 2016 or later (64-bit)', '10.42.44.121', 4, 32, 400, 'vmx-13', 'Guest Tools Running', 'Guest Tools Supported New', '12.1.0'),
('Winsvr00411', 'Cluster_052', 'vCenter_002', 1, 'Microsoft Windows Server 2016 or later (64-bit)', '10.42.44.122', 4, 32, 400, 'vmx-13', 'Guest Tools Running', 'Guest Tools Supported New', '12.1.0'),
('Winsvr00412', 'Cluster_052', 'vCenter_002', 1, 'Microsoft Windows Server 2016 or later (64-bit)', '10.42.44.107', 8, 64, 900, 'vmx-13', 'Guest Tools Running', 'Guest Tools Supported New', '12.1.0'),
('Winsvr00413', 'Cluster_052', 'vCenter_002', 1, 'Microsoft Windows Server 2016 or later (64-bit)', '10.42.44.144', 6, 64, 625, 'vmx-13', 'Guest Tools Running', 'Guest Tools Supported New', '12.1.0'),
('Winsvr00414', 'Cluster_052', 'vCenter_002', 1, 'Microsoft Windows Server 2016 or later (64-bit)', '10.42.44.145', 6, 32, 500, 'vmx-13', 'Guest Tools Running', 'Guest Tools Supported New', '12.1.0'),
('Winsvr00415', 'Cluster_052', 'vCenter_002', 1, 'Microsoft Windows Server 2016 or later (64-bit)', '10.42.44.146', 4, 32, 300, 'vmx-13', 'Guest Tools Running', 'Guest Tools Supported New', '12.1.0'),
('Winsvr00416', 'Cluster_052', 'vCenter_002', 1, 'Microsoft Windows Server 2016 or later (64-bit)', '10.42.44.147', 4, 32, 300, 'vmx-13', 'Guest Tools Running', 'Guest Tools Supported New', '12.1.0'),
('Winsvr00417', 'Cluster_052', 'vCenter_002', 1, 'Microsoft Windows Server 2016 or later (64-bit)', '10.42.44.148', 4, 32, 550, 'vmx-13', 'Guest Tools Running', 'Guest Tools Supported New', '12.1.0'),
('Winsvr00418', 'Cluster_052', 'vCenter_002', 1, 'Microsoft Windows Server 2016 or later (64-bit)', '10.42.44.149', 4, 32, 1200, 'vmx-13', 'Guest Tools Running', 'Guest Tools Supported New', '12.1.0'),
('Winsvr00419', 'Cluster_053', 'vCenter_002', 1, 'Microsoft Windows Server 2016 or later (64-bit)', '10.196.33.95', 4, 32, 400, 'vmx-13', 'Guest Tools Running', 'Guest Tools Supported New', '12.1.0'),
('Winsvr00420', 'Cluster_053', 'vCenter_002', 1, 'Microsoft Windows Server 2016 or later (64-bit)', '10.196.33.96', 4, 32, 400, 'vmx-13', 'Guest Tools Running', 'Guest Tools Supported New', '12.1.0'),
('Winsvr00421', 'Cluster_053', 'vCenter_002', 1, 'Microsoft Windows Server 2016 or later (64-bit)', '10.196.33.107', 12, 128, 1305, 'vmx-13', 'Guest Tools Running', 'Guest Tools Supported New', '12.1.0'),
('Winsvr00422', 'Cluster_053', 'vCenter_002', 1, 'Microsoft Windows Server 2016 or later (64-bit)', '10.196.33.108', 8, 128, 1050, 'vmx-13', 'Guest Tools Running', 'Guest Tools Supported New', '12.1.0'),
('Winsvr00423', 'Cluster_053', 'vCenter_002', 1, 'Microsoft Windows Server 2016 or later (64-bit)', '10.196.33.109', 8, 64, 700, 'vmx-13', 'Guest Tools Running', 'Guest Tools Supported New', '12.1.0'),
('Winsvr00424', 'Cluster_053', 'vCenter_002', 1, 'Microsoft Windows Server 2016 or later (64-bit)', '10.196.33.244', 6, 32, 300, 'vmx-13', 'Guest Tools Running', 'Guest Tools Supported New', '12.1.0'),
('Winsvr00425', 'Cluster_053', 'vCenter_002', 1, 'Microsoft Windows Server 2016 or later (64-bit)', '10.196.33.245', 4, 32, 300, 'vmx-13', 'Guest Tools Running', 'Guest Tools Supported New', '12.1.0'),
('Winsvr00426', 'Cluster_053', 'vCenter_002', 1, 'Microsoft Windows Server 2016 or later (64-bit)', '10.196.33.246', 6, 32, 550, 'vmx-13', 'Guest Tools Running', 'Guest Tools Supported New', '12.0.5'),
('Winsvr00427', 'Cluster_053', 'vCenter_002', 1, 'Microsoft Windows Server 2016 or later (64-bit)', '10.196.33.247', 4, 32, 1200, 'vmx-13', 'Guest Tools Running', 'Guest Tools Supported New', '12.1.0'),
('Winsvr00428', 'Cluster_054', 'vCenter_003', 1, 'Microsoft Windows Server 2016 or later (64-bit)', '10.177.44.187', 8, 64, 900, 'vmx-13', 'Guest Tools Running', 'Guest Tools Supported New', '12.1.0'),
('Winsvr00429', 'Cluster_054', 'vCenter_003', 1, 'Microsoft Windows Server 2016 or later (64-bit)', '10.177.44.188', 6, 64, 625, 'vmx-13', 'Guest Tools Running', 'Guest Tools Supported New', '12.1.0'),
('Winsvr00430', 'Cluster_054', 'vCenter_003', 1, 'Microsoft Windows Server 2016 or later (64-bit)', '10.177.44.186', 6, 32, 500, 'vmx-13', 'Guest Tools Running', 'Guest Tools Supported New', '12.1.0'),
('Winsvr00431', 'Cluster_054', 'vCenter_003', 1, 'Microsoft Windows Server 2016 or later (64-bit)', '10.177.44.183', 4, 32, 300, 'vmx-13', 'Guest Tools Running', 'Guest Tools Supported New', '12.1.0'),
('Winsvr00432', 'Cluster_054', 'vCenter_003', 1, 'Microsoft Windows Server 2016 or later (64-bit)', '10.177.44.182', 4, 32, 300, 'vmx-13', 'Guest Tools Running', 'Guest Tools Supported New', '12.1.0'),
('Winsvr00433', 'Cluster_054', 'vCenter_003', 1, 'Microsoft Windows Server 2016 or later (64-bit)', '10.177.44.184', 4, 32, 550, 'vmx-13', 'Guest Tools Running', 'Guest Tools Supported New', '12.1.0'),
('Winsvr00434', 'Cluster_054', 'vCenter_003', 1, 'Microsoft Windows Server 2016 or later (64-bit)', '10.177.44.185', 4, 32, 1200, 'vmx-13', 'Guest Tools Running', 'Guest Tools Supported New', '12.1.0'),
('Winsvr00435', 'Cluster_055', 'vCenter_003', 1, 'Microsoft Windows Server 2016 or later (64-bit)', '10.70.212.152', 8, 64, 900, 'vmx-13', 'Guest Tools Running', 'Guest Tools Supported New', '12.1.0'),
('Winsvr00436', 'Cluster_055', 'vCenter_003', 1, 'Microsoft Windows Server 2016 or later (64-bit)', '10.70.212.153', 6, 64, 625, 'vmx-13', 'Guest Tools Running', 'Guest Tools Supported New', '12.1.0'),
('Winsvr00437', 'Cluster_055', 'vCenter_003', 1, 'Microsoft Windows Server 2016 or later (64-bit)', '10.70.212.150', 6, 32, 500, 'vmx-13', 'Guest Tools Running', 'Guest Tools Supported New', '12.1.0'),
('Winsvr00438', 'Cluster_055', 'vCenter_003', 1, 'Microsoft Windows Server 2016 or later (64-bit)', '10.70.212.151', 4, 32, 300, 'vmx-13', 'Guest Tools Running', 'Guest Tools Supported New', '12.1.0'),
('Winsvr00439', 'Cluster_055', 'vCenter_003', 1, 'Microsoft Windows Server 2016 or later (64-bit)', '10.70.212.149', 4, 32, 300, 'vmx-13', 'Guest Tools Running', 'Guest Tools Supported New', '12.1.0'),
('Winsvr00440', 'Cluster_055', 'vCenter_003', 1, 'Microsoft Windows Server 2016 or later (64-bit)', '10.70.212.147', 4, 32, 550, 'vmx-13', 'Guest Tools Running', 'Guest Tools Supported New', '12.1.0'),
('Winsvr00441', 'Cluster_055', 'vCenter_003', 1, 'Microsoft Windows Server 2016 or later (64-bit)', '10.70.212.148', 4, 32, 1200, 'vmx-13', 'Guest Tools Running', 'Guest Tools Supported New', '12.1.0'),
('Winsvr00442', 'Cluster_055', 'vCenter_003', 1, 'Microsoft Windows Server 2016 or later (64-bit)', '10.70.212.167', 4, 32, 550, 'vmx-13', 'Guest Tools Running', 'Guest Tools Supported New', '12.1.0'),
('Winsvr00443', 'Cluster_056', 'vCenter_003', 1, 'Microsoft Windows Server 2016 or later (64-bit)', '10.42.153.2', 12, 128, 1305, 'vmx-13', 'Guest Tools Running', 'Guest Tools Supported New', '12.1.0'),
('Winsvr00444', 'Cluster_056', 'vCenter_003', 1, 'Microsoft Windows Server 2016 or later (64-bit)', '10.42.153.3', 8, 128, 1050, 'vmx-13', 'Guest Tools Running', 'Guest Tools Supported New', '12.1.0'),
('Winsvr00445', 'Cluster_056', 'vCenter_003', 1, 'Microsoft Windows Server 2016 or later (64-bit)', '10.42.153.0', 8, 64, 700, 'vmx-13', 'Guest Tools Running', 'Guest Tools Supported New', '12.1.0'),
('Winsvr00446', 'Cluster_056', 'vCenter_003', 1, 'Microsoft Windows Server 2016 or later (64-bit)', '10.42.153.1', 6, 32, 300, 'vmx-13', 'Guest Tools Running', 'Guest Tools Supported New', '12.1.0'),
('Winsvr00447', 'Cluster_056', 'vCenter_003', 1, 'Microsoft Windows Server 2016 or later (64-bit)', '10.42.152.255', 4, 32, 300, 'vmx-13', 'Guest Tools Running', 'Guest Tools Supported New', '12.1.0'),
('Winsvr00448', 'Cluster_056', 'vCenter_003', 1, 'Microsoft Windows Server 2016 or later (64-bit)', '10.42.152.253', 6, 32, 550, 'vmx-13', 'Guest Tools Running', 'Guest Tools Supported New', '12.1.0'),
('Winsvr00449', 'Cluster_056', 'vCenter_003', 1, 'Microsoft Windows Server 2016 or later (64-bit)', '10.42.152.254', 4, 32, 1200, 'vmx-13', 'Guest Tools Running', 'Guest Tools Supported New', '12.1.0'),
('Winsvr00450', 'Cluster_057', 'vCenter_003', 1, 'Microsoft Windows Server 2016 or later (64-bit)', '10.51.60.141', 8, 64, 900, 'vmx-13', 'Guest Tools Running', 'Guest Tools Supported New', '12.1.0'),
('Winsvr00451', 'Cluster_057', 'vCenter_003', 1, 'Microsoft Windows Server 2016 or later (64-bit)', '10.51.60.142', 6, 64, 625, 'vmx-13', 'Guest Tools Running', 'Guest Tools Supported New', '12.1.0'),
('Winsvr00452', 'Cluster_057', 'vCenter_003', 1, 'Microsoft Windows Server 2016 or later (64-bit)', '10.51.60.139', 6, 32, 500, 'vmx-13', 'Guest Tools Running', 'Guest Tools Supported New', '12.1.0'),
('Winsvr00453', 'Cluster_057', 'vCenter_003', 1, 'Microsoft Windows Server 2016 or later (64-bit)', '10.51.60.140', 4, 32, 300, 'vmx-13', 'Guest Tools Running', 'Guest Tools Supported New', '12.1.0'),
('Winsvr00454', 'Cluster_057', 'vCenter_003', 1, 'Microsoft Windows Server 2016 or later (64-bit)', '10.51.60.138', 4, 32, 300, 'vmx-13', 'Guest Tools Running', 'Guest Tools Supported New', '12.1.0'),
('Winsvr00455', 'Cluster_057', 'vCenter_003', 1, 'Microsoft Windows Server 2016 or later (64-bit)', '10.51.60.95', 4, 32, 550, 'vmx-13', 'Guest Tools Running', 'Guest Tools Supported New', '12.1.0'),
('Winsvr00456', 'Cluster_057', 'vCenter_003', 1, 'Microsoft Windows Server 2016 or later (64-bit)', '10.51.60.98', 4, 32, 1200, 'vmx-13', 'Guest Tools Running', 'Guest Tools Supported New', '12.1.0'),
('Winsvr00457', 'Cluster_057', 'vCenter_003', 1, 'Microsoft Windows Server 2016 or later (64-bit)', '10.51.60.106', 4, 32, 550, 'vmx-14', 'Guest Tools Running', 'Guest Tools Supported New', '12.1.0'),
('Winsvr00458', 'Cluster_058', 'vCenter_003', 0, 'none', 'none', 6, 32, 400, 'vmx-14', 'Guest Tools Not Running', 'Guest Tools Supported New', '12.1.0'),
('Winsvr00459', 'Cluster_058', 'vCenter_003', 0, 'none', 'none', 6, 32, 400, 'vmx-14', 'Guest Tools Not Running', 'Guest Tools Supported New', '12.1.0'),
('Winsvr00460', 'Cluster_058', 'vCenter_003', 0, 'none', 'none', 12, 128, 1260, 'vmx-14', 'Guest Tools Not Running', 'Guest Tools Supported New', '12.0.5'),
('Winsvr00461', 'Cluster_058', 'vCenter_003', 0, 'none', 'none', 12, 128, 1110, 'vmx-14', 'Guest Tools Not Running', 'Guest Tools Supported New', '12.0.5'),
('Winsvr00462', 'Cluster_058', 'vCenter_003', 0, 'none', 'none', 8, 64, 700, 'vmx-14', 'Guest Tools Not Running', 'Guest Tools Supported New', '12.0.5'),
('Winsvr00463', 'Cluster_058', 'vCenter_003', 0, 'none', 'none', 6, 32, 300, 'vmx-14', 'Guest Tools Not Running', 'Guest Tools Supported New', '12.0.5'),
('Winsvr00464', 'Cluster_058', 'vCenter_003', 0, 'none', 'none', 4, 32, 300, 'vmx-14', 'Guest Tools Not Running', 'Guest Tools Supported New', '12.1.0'),
('Winsvr00465', 'Cluster_058', 'vCenter_003', 0, 'none', 'none', 6, 32, 550, 'vmx-14', 'Guest Tools Not Running', 'Guest Tools Supported New', '12.1.0'),
('Winsvr00466', 'Cluster_058', 'vCenter_003', 0, 'none', 'none', 4, 32, 1200, 'vmx-14', 'Guest Tools Not Running', 'Guest Tools Supported New', '12.1.0'),
('Winsvr00467', 'Cluster_059', 'vCenter_003', 1, 'Microsoft Windows Server 2016 or later (64-bit)', '10.89.84.161', 8, 64, 900, 'vmx-13', 'Guest Tools Running', 'Guest Tools Supported New', '12.1.0'),
('Winsvr00468', 'Cluster_059', 'vCenter_003', 1, 'Microsoft Windows Server 2016 or later (64-bit)', '10.89.84.162', 6, 64, 625, 'vmx-13', 'Guest Tools Running', 'Guest Tools Supported New', '12.1.0'),
('Winsvr00469', 'Cluster_059', 'vCenter_003', 1, 'Microsoft Windows Server 2016 or later (64-bit)', '10.89.84.128', 6, 32, 500, 'vmx-13', 'Guest Tools Running', 'Guest Tools Supported New', '12.1.0'),
('Winsvr00470', 'Cluster_059', 'vCenter_003', 1, 'Microsoft Windows Server 2016 or later (64-bit)', '10.89.84.129', 4, 32, 300, 'vmx-13', 'Guest Tools Running', 'Guest Tools Supported New', '12.1.0'),
('Winsvr00471', 'Cluster_059', 'vCenter_003', 1, 'Microsoft Windows Server 2016 or later (64-bit)', '10.89.84.127', 4, 32, 300, 'vmx-13', 'Guest Tools Running', 'Guest Tools Supported New', '12.1.0'),
('Winsvr00472', 'Cluster_059', 'vCenter_003', 1, 'Microsoft Windows Server 2016 or later (64-bit)', '10.89.84.125', 4, 32, 550, 'vmx-13', 'Guest Tools Running', 'Guest Tools Supported New', '12.1.0'),
('Winsvr00473', 'Cluster_059', 'vCenter_003', 1, 'Microsoft Windows Server 2016 or later (64-bit)', '10.89.84.126', 4, 32, 1200, 'vmx-13', 'Guest Tools Running', 'Guest Tools Supported New', '12.1.0'),
('Winsvr00474', 'Cluster_060', 'vCenter_003', 1, 'Microsoft Windows Server 2016 or later (64-bit)', '10.89.60.144', 8, 64, 900, 'vmx-13', 'Guest Tools Running', 'Guest Tools Supported New', '12.1.0'),
('Winsvr00475', 'Cluster_060', 'vCenter_003', 1, 'Microsoft Windows Server 2016 or later (64-bit)', '10.89.60.145', 6, 64, 625, 'vmx-13', 'Guest Tools Running', 'Guest Tools Supported New', '12.1.0'),
('Winsvr00476', 'Cluster_060', 'vCenter_003', 1, 'Microsoft Windows Server 2016 or later (64-bit)', '10.89.60.142', 6, 32, 500, 'vmx-13', 'Guest Tools Running', 'Guest Tools Supported New', '12.1.0'),
('Winsvr00477', 'Cluster_060', 'vCenter_003', 1, 'Microsoft Windows Server 2016 or later (64-bit)', '10.89.60.143', 4, 32, 300, 'vmx-13', 'Guest Tools Running', 'Guest Tools Supported New', '12.1.0'),
('Winsvr00478', 'Cluster_060', 'vCenter_003', 1, 'Microsoft Windows Server 2016 or later (64-bit)', '10.89.60.141', 4, 32, 300, 'vmx-13', 'Guest Tools Running', 'Guest Tools Supported New', '12.1.0'),
('Winsvr00479', 'Cluster_060', 'vCenter_003', 1, 'Microsoft Windows Server 2016 or later (64-bit)', '10.89.60.85', 4, 32, 550, 'vmx-13', 'Guest Tools Running', 'Guest Tools Supported New', '12.1.0'),
('Winsvr00480', 'Cluster_060', 'vCenter_003', 1, 'Microsoft Windows Server 2016 or later (64-bit)', '10.89.60.140', 4, 32, 1200, 'vmx-13', 'Guest Tools Running', 'Guest Tools Supported New', '12.1.0'),
('Winsvr00481', 'Cluster_061', 'vCenter_003', 1, 'Microsoft Windows Server 2016 or later (64-bit)', '10.89.28.198', 8, 64, 900, 'vmx-13', 'Guest Tools Running', 'Guest Tools Supported New', '12.1.0'),
('Winsvr00482', 'Cluster_061', 'vCenter_003', 1, 'Microsoft Windows Server 2016 or later (64-bit)', '10.89.28.199', 6, 64, 625, 'vmx-13', 'Guest Tools Running', 'Guest Tools Supported New', '12.1.0'),
('Winsvr00483', 'Cluster_061', 'vCenter_003', 1, 'Microsoft Windows Server 2016 or later (64-bit)', '10.89.28.196', 6, 32, 500, 'vmx-13', 'Guest Tools Running', 'Guest Tools Supported New', '12.1.0'),
('Winsvr00484', 'Cluster_061', 'vCenter_003', 1, 'Microsoft Windows Server 2016 or later (64-bit)', '10.89.28.197', 4, 32, 300, 'vmx-13', 'Guest Tools Running', 'Guest Tools Supported New', '12.1.0'),
('Winsvr00485', 'Cluster_061', 'vCenter_003', 1, 'Microsoft Windows Server 2016 or later (64-bit)', '10.89.28.195', 4, 32, 300, 'vmx-13', 'Guest Tools Running', 'Guest Tools Supported New', '12.1.0'),
('Winsvr00486', 'Cluster_061', 'vCenter_003', 1, 'Microsoft Windows Server 2016 or later (64-bit)', '10.89.28.193', 4, 32, 550, 'vmx-13', 'Guest Tools Running', 'Guest Tools Supported New', '12.1.0'),
('Winsvr00487', 'Cluster_061', 'vCenter_003', 1, 'Microsoft Windows Server 2016 or later (64-bit)', '10.89.28.194', 4, 32, 1200, 'vmx-13', 'Guest Tools Running', 'Guest Tools Supported New', '12.1.0'),
('Winsvr00488', 'Cluster_062', 'vCenter_003', 1, 'Microsoft Windows Server 2016 or later (64-bit)', '10.48.52.147', 8, 64, 900, 'vmx-13', 'Guest Tools Running', 'Guest Tools Supported New', '12.1.0'),
('Winsvr00489', 'Cluster_062', 'vCenter_003', 1, 'Microsoft Windows Server 2016 or later (64-bit)', '10.48.52.148', 6, 64, 625, 'vmx-13', 'Guest Tools Running', 'Guest Tools Supported New', '12.1.0'),
('Winsvr00490', 'Cluster_062', 'vCenter_003', 1, 'Microsoft Windows Server 2016 or later (64-bit)', '10.48.52.145', 6, 32, 500, 'vmx-13', 'Guest Tools Running', 'Guest Tools Supported New', '12.1.0'),
('Winsvr00491', 'Cluster_062', 'vCenter_003', 1, 'Microsoft Windows Server 2016 or later (64-bit)', '10.48.52.146', 4, 32, 300, 'vmx-13', 'Guest Tools Running', 'Guest Tools Supported New', '12.1.0'),
('Winsvr00492', 'Cluster_062', 'vCenter_003', 1, 'Microsoft Windows Server 2016 or later (64-bit)', '10.48.52.144', 4, 32, 300, 'vmx-13', 'Guest Tools Running', 'Guest Tools Supported New', '12.1.0'),
('Winsvr00493', 'Cluster_062', 'vCenter_003', 1, 'Microsoft Windows Server 2016 or later (64-bit)', '10.48.52.142', 4, 32, 550, 'vmx-13', 'Guest Tools Running', 'Guest Tools Supported New', '12.1.0'),
('Winsvr00494', 'Cluster_062', 'vCenter_003', 1, 'Microsoft Windows Server 2016 or later (64-bit)', '10.48.52.143', 4, 32, 1200, 'vmx-13', 'Guest Tools Running', 'Guest Tools Supported New', '12.1.0'),
('Winsvr00495', 'Cluster_063', 'vCenter_003', 1, 'Microsoft Windows Server 2016 or later (64-bit)', '10.69.52.111', 8, 64, 900, 'vmx-13', 'Guest Tools Running', 'Guest Tools Supported New', '12.1.0'),
('Winsvr00496', 'Cluster_063', 'vCenter_003', 1, 'Microsoft Windows Server 2016 or later (64-bit)', '10.69.52.112', 6, 64, 625, 'vmx-13', 'Guest Tools Running', 'Guest Tools Supported New', '12.1.0'),
('Winsvr00497', 'Cluster_063', 'vCenter_003', 1, 'Microsoft Windows Server 2016 or later (64-bit)', '10.69.52.109', 6, 32, 500, 'vmx-13', 'Guest Tools Running', 'Guest Tools Supported New', '12.1.0'),
('Winsvr00498', 'Cluster_063', 'vCenter_003', 1, 'Microsoft Windows Server 2016 or later (64-bit)', '10.69.52.110', 4, 32, 300, 'vmx-13', 'Guest Tools Running', 'Guest Tools Supported New', '12.1.0'),
('Winsvr00499', 'Cluster_063', 'vCenter_003', 1, 'Microsoft Windows Server 2016 or later (64-bit)', '10.69.52.108', 4, 32, 300, 'vmx-13', 'Guest Tools Running', 'Guest Tools Supported New', '12.1.0'),
('Winsvr00500', 'Cluster_063', 'vCenter_003', 1, 'Microsoft Windows Server 2016 or later (64-bit)', '10.69.52.85', 4, 32, 550, 'vmx-13', 'Guest Tools Running', 'Guest Tools Supported New', '12.1.0');
INSERT INTO `server` (`serverName`, `parentCluster`, `parentCenter`, `isPowered`, `guestOS`, `ipAddress`, `vCPU`, `memory`, `diskSpace`, `hardware`, `toolsStaus`, `toolsState`, `toolsVersion`) VALUES
('Winsvr00501', 'Cluster_063', 'vCenter_003', 1, 'Microsoft Windows Server 2016 or later (64-bit)', '10.69.52.100', 4, 32, 1200, 'vmx-13', 'Guest Tools Running', 'Guest Tools Supported New', '12.1.0'),
('Winsvr00502', 'Cluster_064', 'vCenter_003', 1, 'Microsoft Windows Server 2016 or later (64-bit)', '10.82.52.160', 8, 64, 900, 'vmx-13', 'Guest Tools Running', 'Guest Tools Supported New', '12.1.0'),
('Winsvr00503', 'Cluster_064', 'vCenter_003', 1, 'Microsoft Windows Server 2016 or later (64-bit)', '10.82.52.161', 6, 64, 625, 'vmx-13', 'Guest Tools Running', 'Guest Tools Supported New', '12.1.0'),
('Winsvr00504', 'Cluster_064', 'vCenter_003', 1, 'Microsoft Windows Server 2016 or later (64-bit)', '10.82.52.158', 6, 32, 500, 'vmx-13', 'Guest Tools Running', 'Guest Tools Supported New', '12.1.0'),
('Winsvr00505', 'Cluster_064', 'vCenter_003', 1, 'Microsoft Windows Server 2016 or later (64-bit)', '10.82.52.159', 4, 32, 300, 'vmx-13', 'Guest Tools Running', 'Guest Tools Supported New', '12.1.0'),
('Winsvr00506', 'Cluster_064', 'vCenter_003', 1, 'Microsoft Windows Server 2016 or later (64-bit)', '10.82.52.157', 4, 32, 300, 'vmx-13', 'Guest Tools Running', 'Guest Tools Supported New', '12.1.0'),
('Winsvr00507', 'Cluster_064', 'vCenter_003', 1, 'Microsoft Windows Server 2016 or later (64-bit)', '10.82.52.155', 4, 32, 550, 'vmx-13', 'Guest Tools Running', 'Guest Tools Supported New', '12.1.0'),
('Winsvr00508', 'Cluster_064', 'vCenter_003', 1, 'Microsoft Windows Server 2016 or later (64-bit)', '10.82.52.156', 4, 32, 1200, 'vmx-13', 'Guest Tools Running', 'Guest Tools Supported New', '12.1.0'),
('Winsvr00509', 'Cluster_065', 'vCenter_003', 1, 'Microsoft Windows Server 2016 or later (64-bit)', '10.69.124.167', 8, 64, 900, 'vmx-13', 'Guest Tools Running', 'Guest Tools Supported New', '12.1.0'),
('Winsvr00510', 'Cluster_065', 'vCenter_003', 1, 'Microsoft Windows Server 2016 or later (64-bit)', '10.69.124.168', 6, 64, 625, 'vmx-13', 'Guest Tools Running', 'Guest Tools Supported New', '12.1.0'),
('Winsvr00511', 'Cluster_065', 'vCenter_003', 1, 'Microsoft Windows Server 2016 or later (64-bit)', '10.69.124.165', 6, 32, 500, 'vmx-13', 'Guest Tools Running', 'Guest Tools Supported New', '12.1.0'),
('Winsvr00512', 'Cluster_065', 'vCenter_003', 1, 'Microsoft Windows Server 2016 or later (64-bit)', '10.69.124.166', 4, 32, 300, 'vmx-13', 'Guest Tools Running', 'Guest Tools Supported New', '12.1.0'),
('Winsvr00513', 'Cluster_065', 'vCenter_003', 1, 'Microsoft Windows Server 2016 or later (64-bit)', '10.69.124.108', 4, 32, 300, 'vmx-13', 'Guest Tools Running', 'Guest Tools Supported New', '12.1.0'),
('Winsvr00514', 'Cluster_065', 'vCenter_003', 1, 'Microsoft Windows Server 2016 or later (64-bit)', '10.69.124.85', 4, 32, 550, 'vmx-13', 'Guest Tools Running', 'Guest Tools Supported New', '12.1.0'),
('Winsvr00515', 'Cluster_065', 'vCenter_003', 1, 'Microsoft Windows Server 2016 or later (64-bit)', '10.69.124.87', 4, 32, 1200, 'vmx-13', 'Guest Tools Running', 'Guest Tools Supported New', '12.1.0'),
('Winsvr00516', 'Cluster_066', 'vCenter_003', 1, 'Microsoft Windows Server 2016 or later (64-bit)', '10.197.28.152', 8, 64, 900, 'vmx-13', 'Guest Tools Running', 'Guest Tools Supported New', '12.1.0'),
('Winsvr00517', 'Cluster_066', 'vCenter_003', 1, 'Microsoft Windows Server 2016 or later (64-bit)', '10.197.28.153', 6, 64, 625, 'vmx-13', 'Guest Tools Running', 'Guest Tools Supported New', '12.1.0'),
('Winsvr00518', 'Cluster_066', 'vCenter_003', 1, 'Microsoft Windows Server 2016 or later (64-bit)', '10.197.28.150', 6, 32, 500, 'vmx-13', 'Guest Tools Running', 'Guest Tools Supported New', '12.1.0'),
('Winsvr00519', 'Cluster_066', 'vCenter_003', 1, 'Microsoft Windows Server 2016 or later (64-bit)', '10.197.28.151', 4, 32, 300, 'vmx-13', 'Guest Tools Running', 'Guest Tools Supported New', '12.1.0'),
('Winsvr00520', 'Cluster_066', 'vCenter_003', 1, 'Microsoft Windows Server 2016 or later (64-bit)', '10.197.28.149', 4, 32, 300, 'vmx-13', 'Guest Tools Running', 'Guest Tools Supported New', '12.1.0'),
('Winsvr00521', 'Cluster_066', 'vCenter_003', 1, 'Microsoft Windows Server 2016 or later (64-bit)', '10.197.28.109', 4, 32, 550, 'vmx-13', 'Guest Tools Running', 'Guest Tools Supported New', '12.1.0'),
('Winsvr00522', 'Cluster_066', 'vCenter_003', 1, 'Microsoft Windows Server 2016 or later (64-bit)', '10.197.28.148', 4, 32, 1200, 'vmx-13', 'Guest Tools Running', 'Guest Tools Supported New', '12.1.0'),
('Winsvr00523', 'Cluster_067', 'vCenter_003', 1, 'Microsoft Windows Server 2016 or later (64-bit)', '10.197.76.97', 8, 64, 900, 'vmx-13', 'Guest Tools Running', 'Guest Tools Supported New', '12.1.0'),
('Winsvr00524', 'Cluster_067', 'vCenter_003', 1, 'Microsoft Windows Server 2016 or later (64-bit)', '10.197.76.98', 6, 64, 625, 'vmx-13', 'Guest Tools Running', 'Guest Tools Supported New', '12.1.0'),
('Winsvr00525', 'Cluster_067', 'vCenter_003', 1, 'Microsoft Windows Server 2016 or later (64-bit)', '10.197.76.92', 6, 32, 500, 'vmx-13', 'Guest Tools Running', 'Guest Tools Supported New', '12.1.0'),
('Winsvr00526', 'Cluster_067', 'vCenter_003', 1, 'Microsoft Windows Server 2016 or later (64-bit)', '10.197.76.93', 4, 32, 300, 'vmx-13', 'Guest Tools Running', 'Guest Tools Supported New', '12.1.0'),
('Winsvr00527', 'Cluster_067', 'vCenter_003', 1, 'Microsoft Windows Server 2016 or later (64-bit)', '10.197.76.91', 4, 32, 300, 'vmx-13', 'Guest Tools Running', 'Guest Tools Supported New', '12.1.0'),
('Winsvr00528', 'Cluster_067', 'vCenter_003', 1, 'Microsoft Windows Server 2016 or later (64-bit)', '10.197.76.89', 4, 32, 550, 'vmx-13', 'Guest Tools Running', 'Guest Tools Supported New', '12.1.0'),
('Winsvr00529', 'Cluster_067', 'vCenter_003', 1, 'Microsoft Windows Server 2016 or later (64-bit)', '10.197.76.90', 4, 32, 1200, 'vmx-13', 'Guest Tools Running', 'Guest Tools Supported New', '12.1.0'),
('Winsvr00530', 'Cluster_068', 'vCenter_003', 1, 'Microsoft Windows Server 2016 or later (64-bit)', '10.72.8.143', 8, 64, 900, 'vmx-13', 'Guest Tools Running', 'Guest Tools Supported New', '12.1.0'),
('Winsvr00531', 'Cluster_068', 'vCenter_003', 1, 'Microsoft Windows Server 2016 or later (64-bit)', '10.72.8.144', 6, 64, 625, 'vmx-13', 'Guest Tools Running', 'Guest Tools Supported New', '12.1.0'),
('Winsvr00532', 'Cluster_068', 'vCenter_003', 1, 'Microsoft Windows Server 2016 or later (64-bit)', '10.72.8.141', 6, 32, 500, 'vmx-13', 'Guest Tools Running', 'Guest Tools Supported New', '12.1.0'),
('Winsvr00533', 'Cluster_068', 'vCenter_003', 1, 'Microsoft Windows Server 2016 or later (64-bit)', '10.72.8.142', 4, 32, 300, 'vmx-13', 'Guest Tools Running', 'Guest Tools Supported New', '12.1.0'),
('Winsvr00534', 'Cluster_068', 'vCenter_003', 1, 'Microsoft Windows Server 2016 or later (64-bit)', '10.72.8.140', 4, 32, 300, 'vmx-13', 'Guest Tools Running', 'Guest Tools Supported New', '12.1.0'),
('Winsvr00535', 'Cluster_068', 'vCenter_003', 1, 'Microsoft Windows Server 2016 or later (64-bit)', '10.72.8.108', 4, 32, 550, 'vmx-13', 'Guest Tools Running', 'Guest Tools Supported New', '12.1.0'),
('Winsvr00536', 'Cluster_068', 'vCenter_003', 1, 'Microsoft Windows Server 2016 or later (64-bit)', '10.72.8.139', 4, 32, 1200, 'vmx-13', 'Guest Tools Running', 'Guest Tools Supported New', '12.1.0'),
('Winsvr00537', 'Cluster_068', 'vCenter_003', 1, 'Microsoft Windows Server 2016 or later (64-bit)', '10.72.8.148', 4, 32, 550, 'vmx-13', 'Guest Tools Running', 'Guest Tools Supported New', '12.1.0'),
('Winsvr00538', 'Cluster_069', 'vCenter_003', 1, 'Microsoft Windows Server 2016 or later (64-bit)', '10.60.12.97', 8, 64, 900, 'vmx-13', 'Guest Tools Running', 'Guest Tools Supported New', '12.1.0'),
('Winsvr00539', 'Cluster_069', 'vCenter_003', 1, 'Microsoft Windows Server 2016 or later (64-bit)', '10.60.12.127', 6, 64, 625, 'vmx-13', 'Guest Tools Running', 'Guest Tools Supported New', '12.1.0'),
('Winsvr00540', 'Cluster_069', 'vCenter_003', 1, 'Microsoft Windows Server 2016 or later (64-bit)', '10.60.12.95', 6, 32, 500, 'vmx-13', 'Guest Tools Running', 'Guest Tools Supported New', '12.1.0'),
('Winsvr00541', 'Cluster_069', 'vCenter_003', 1, 'Microsoft Windows Server 2016 or later (64-bit)', '10.60.12.96', 4, 32, 300, 'vmx-13', 'Guest Tools Running', 'Guest Tools Supported New', '12.1.0'),
('Winsvr00542', 'Cluster_069', 'vCenter_003', 1, 'Microsoft Windows Server 2016 or later (64-bit)', '10.60.12.94', 4, 32, 300, 'vmx-13', 'Guest Tools Running', 'Guest Tools Supported New', '12.1.0'),
('Winsvr00543', 'Cluster_069', 'vCenter_003', 1, 'Microsoft Windows Server 2016 or later (64-bit)', '10.60.12.85', 4, 32, 550, 'vmx-13', 'Guest Tools Running', 'Guest Tools Supported New', '12.1.0'),
('Winsvr00544', 'Cluster_069', 'vCenter_003', 1, 'Microsoft Windows Server 2016 or later (64-bit)', '10.60.12.86', 4, 32, 1200, 'vmx-13', 'Guest Tools Running', 'Guest Tools Supported New', '12.1.0'),
('Winsvr00545', 'Cluster_070', 'vCenter_003', 1, 'Microsoft Windows Server 2016 or later (64-bit)', '10.195.164.140', 8, 64, 900, 'vmx-13', 'Guest Tools Running', 'Guest Tools Supported New', '12.1.0'),
('Winsvr00546', 'Cluster_070', 'vCenter_003', 1, 'Microsoft Windows Server 2016 or later (64-bit)', '10.195.164.141', 6, 64, 625, 'vmx-13', 'Guest Tools Running', 'Guest Tools Supported New', '12.1.0'),
('Winsvr00547', 'Cluster_070', 'vCenter_003', 1, 'Microsoft Windows Server 2016 or later (64-bit)', '10.195.164.138', 6, 32, 500, 'vmx-13', 'Guest Tools Running', 'Guest Tools Supported New', '12.1.0'),
('Winsvr00548', 'Cluster_070', 'vCenter_003', 1, 'Microsoft Windows Server 2016 or later (64-bit)', '10.195.164.139', 4, 32, 300, 'vmx-13', 'Guest Tools Running', 'Guest Tools Supported New', '12.1.0'),
('Winsvr00549', 'Cluster_070', 'vCenter_003', 1, 'Microsoft Windows Server 2016 or later (64-bit)', '10.195.164.99', 4, 32, 300, 'vmx-13', 'Guest Tools Running', 'Guest Tools Supported New', '12.1.0'),
('Winsvr00550', 'Cluster_070', 'vCenter_003', 1, 'Microsoft Windows Server 2016 or later (64-bit)', '10.195.164.87', 4, 32, 550, 'vmx-13', 'Guest Tools Running', 'Guest Tools Supported New', '12.1.0'),
('Winsvr00551', 'Cluster_070', 'vCenter_003', 1, 'Microsoft Windows Server 2016 or later (64-bit)', '10.195.164.88', 4, 32, 1200, 'vmx-13', 'Guest Tools Running', 'Guest Tools Supported New', '12.1.0'),
('Winsvr00552', 'Cluster_071', 'vCenter_003', 1, 'Microsoft Windows Server 2016 or later (64-bit)', '10.195.172.171', 8, 64, 900, 'vmx-13', 'Guest Tools Running', 'Guest Tools Supported New', '12.1.0'),
('Winsvr00553', 'Cluster_071', 'vCenter_003', 1, 'Microsoft Windows Server 2016 or later (64-bit)', '10.195.172.172', 6, 64, 625, 'vmx-13', 'Guest Tools Running', 'Guest Tools Supported New', '12.1.0'),
('Winsvr00554', 'Cluster_071', 'vCenter_003', 1, 'Microsoft Windows Server 2016 or later (64-bit)', '10.195.172.169', 6, 32, 500, 'vmx-13', 'Guest Tools Running', 'Guest Tools Supported New', '12.1.0'),
('Winsvr00555', 'Cluster_071', 'vCenter_003', 1, 'Microsoft Windows Server 2016 or later (64-bit)', '10.195.172.170', 4, 32, 300, 'vmx-13', 'Guest Tools Running', 'Guest Tools Supported New', '12.1.0'),
('Winsvr00556', 'Cluster_071', 'vCenter_003', 1, 'Microsoft Windows Server 2016 or later (64-bit)', '10.195.172.168', 4, 32, 300, 'vmx-13', 'Guest Tools Running', 'Guest Tools Supported New', '12.1.0'),
('Winsvr00557', 'Cluster_071', 'vCenter_003', 1, 'Microsoft Windows Server 2016 or later (64-bit)', '10.195.172.166', 4, 32, 550, 'vmx-13', 'Guest Tools Running', 'Guest Tools Supported New', '12.1.0'),
('Winsvr00558', 'Cluster_071', 'vCenter_003', 1, 'Microsoft Windows Server 2016 or later (64-bit)', '10.195.172.167', 4, 32, 1200, 'vmx-13', 'Guest Tools Running', 'Guest Tools Supported New', '12.1.0'),
('Winsvr00559', 'Cluster_072', 'vCenter_003', 1, 'Microsoft Windows Server 2016 or later (64-bit)', '10.195.196.143', 8, 64, 900, 'vmx-13', 'Guest Tools Running', 'Guest Tools Supported New', '12.1.0'),
('Winsvr00560', 'Cluster_072', 'vCenter_003', 1, 'Microsoft Windows Server 2016 or later (64-bit)', '10.195.196.144', 6, 64, 625, 'vmx-13', 'Guest Tools Running', 'Guest Tools Supported New', '12.1.0'),
('Winsvr00561', 'Cluster_072', 'vCenter_003', 1, 'Microsoft Windows Server 2016 or later (64-bit)', '10.195.196.141', 6, 32, 500, 'vmx-13', 'Guest Tools Running', 'Guest Tools Supported New', '12.1.0'),
('Winsvr00562', 'Cluster_072', 'vCenter_003', 1, 'Microsoft Windows Server 2016 or later (64-bit)', '10.195.196.142', 4, 32, 300, 'vmx-13', 'Guest Tools Running', 'Guest Tools Supported New', '12.1.0'),
('Winsvr00563', 'Cluster_072', 'vCenter_003', 1, 'Microsoft Windows Server 2016 or later (64-bit)', '10.195.196.140', 4, 32, 300, 'vmx-13', 'Guest Tools Running', 'Guest Tools Supported New', '12.1.0'),
('Winsvr00564', 'Cluster_072', 'vCenter_003', 1, 'Microsoft Windows Server 2016 or later (64-bit)', '10.195.196.138', 4, 32, 550, 'vmx-13', 'Guest Tools Running', 'Guest Tools Supported New', '12.1.0'),
('Winsvr00565', 'Cluster_072', 'vCenter_003', 1, 'Microsoft Windows Server 2016 or later (64-bit)', '10.195.196.139', 4, 32, 1200, 'vmx-13', 'Guest Tools Running', 'Guest Tools Supported New', '12.1.0'),
('Winsvr00566', 'Cluster_073', 'vCenter_003', 1, 'Microsoft Windows Server 2016 or later (64-bit)', '10.195.204.137', 8, 64, 900, 'vmx-13', 'Guest Tools Running', 'Guest Tools Supported New', '12.1.0'),
('Winsvr00567', 'Cluster_073', 'vCenter_003', 1, 'Microsoft Windows Server 2016 or later (64-bit)', '10.195.204.138', 6, 64, 625, 'vmx-13', 'Guest Tools Running', 'Guest Tools Supported New', '12.1.0'),
('Winsvr00568', 'Cluster_073', 'vCenter_003', 1, 'Microsoft Windows Server 2016 or later (64-bit)', '10.195.204.135', 6, 32, 500, 'vmx-13', 'Guest Tools Running', 'Guest Tools Supported New', '12.1.0'),
('Winsvr00569', 'Cluster_073', 'vCenter_003', 1, 'Microsoft Windows Server 2016 or later (64-bit)', '10.195.204.136', 4, 32, 300, 'vmx-13', 'Guest Tools Running', 'Guest Tools Supported New', '12.1.0'),
('Winsvr00570', 'Cluster_073', 'vCenter_003', 1, 'Microsoft Windows Server 2016 or later (64-bit)', '10.195.204.134', 4, 32, 300, 'vmx-13', 'Guest Tools Running', 'Guest Tools Supported New', '12.1.0'),
('Winsvr00571', 'Cluster_073', 'vCenter_003', 1, 'Microsoft Windows Server 2016 or later (64-bit)', '10.195.204.132', 4, 32, 550, 'vmx-13', 'Guest Tools Running', 'Guest Tools Supported New', '12.1.0'),
('Winsvr00572', 'Cluster_073', 'vCenter_003', 1, 'Microsoft Windows Server 2016 or later (64-bit)', '10.195.204.133', 4, 32, 1200, 'vmx-13', 'Guest Tools Running', 'Guest Tools Supported New', '12.1.0'),
('Winsvr00573', 'Cluster_074', 'vCenter_003', 1, 'Microsoft Windows Server 2016 or later (64-bit)', '10.195.228.99', 8, 64, 900, 'vmx-13', 'Guest Tools Running', 'Guest Tools Supported New', '12.1.0'),
('Winsvr00574', 'Cluster_074', 'vCenter_003', 1, 'Microsoft Windows Server 2016 or later (64-bit)', '10.195.228.102', 6, 64, 625, 'vmx-13', 'Guest Tools Running', 'Guest Tools Supported New', '12.1.0'),
('Winsvr00575', 'Cluster_074', 'vCenter_003', 1, 'Microsoft Windows Server 2016 or later (64-bit)', '10.195.228.97', 6, 32, 500, 'vmx-13', 'Guest Tools Running', 'Guest Tools Supported New', '12.1.0'),
('Winsvr00576', 'Cluster_074', 'vCenter_003', 1, 'Microsoft Windows Server 2016 or later (64-bit)', '10.195.228.98', 4, 32, 300, 'vmx-13', 'Guest Tools Running', 'Guest Tools Supported New', '12.1.0'),
('Winsvr00577', 'Cluster_074', 'vCenter_003', 1, 'Microsoft Windows Server 2016 or later (64-bit)', '10.195.228.96', 4, 32, 300, 'vmx-13', 'Guest Tools Running', 'Guest Tools Supported New', '12.1.0'),
('Winsvr00578', 'Cluster_074', 'vCenter_003', 1, 'Microsoft Windows Server 2016 or later (64-bit)', '10.195.228.93', 4, 32, 550, 'vmx-13', 'Guest Tools Running', 'Guest Tools Supported New', '12.1.0'),
('Winsvr00579', 'Cluster_074', 'vCenter_003', 1, 'Microsoft Windows Server 2016 or later (64-bit)', '10.195.228.95', 4, 32, 1200, 'vmx-13', 'Guest Tools Running', 'Guest Tools Supported New', '12.1.0'),
('Winsvr00580', 'Cluster_074', 'vCenter_003', 1, 'Microsoft Windows Server 2016 or later (64-bit)', '10.195.228.189', 4, 32, 550, 'vmx-13', 'Guest Tools Running', 'Guest Tools Supported New', '12.1.0'),
('Winsvr00581', 'Cluster_075', 'vCenter_003', 1, 'Microsoft Windows Server 2016 or later (64-bit)', '10.16.44.152', 8, 64, 900, 'vmx-13', 'Guest Tools Running', 'Guest Tools Supported New', '12.1.0'),
('Winsvr00582', 'Cluster_075', 'vCenter_003', 1, 'Microsoft Windows Server 2016 or later (64-bit)', '10.16.44.153', 6, 64, 625, 'vmx-13', 'Guest Tools Running', 'Guest Tools Supported New', '12.1.0'),
('Winsvr00583', 'Cluster_075', 'vCenter_003', 1, 'Microsoft Windows Server 2016 or later (64-bit)', '10.16.44.150', 6, 32, 500, 'vmx-13', 'Guest Tools Running', 'Guest Tools Supported New', '12.1.0'),
('Winsvr00584', 'Cluster_075', 'vCenter_003', 1, 'Microsoft Windows Server 2016 or later (64-bit)', '10.16.44.151', 4, 32, 300, 'vmx-13', 'Guest Tools Running', 'Guest Tools Supported New', '12.1.0'),
('Winsvr00585', 'Cluster_075', 'vCenter_003', 1, 'Microsoft Windows Server 2016 or later (64-bit)', '10.16.44.149', 4, 32, 300, 'vmx-13', 'Guest Tools Running', 'Guest Tools Supported New', '12.1.0'),
('Winsvr00586', 'Cluster_075', 'vCenter_003', 1, 'Microsoft Windows Server 2016 or later (64-bit)', '10.16.44.147', 4, 32, 550, 'vmx-13', 'Guest Tools Running', 'Guest Tools Supported New', '12.1.0'),
('Winsvr00587', 'Cluster_075', 'vCenter_003', 1, 'Microsoft Windows Server 2016 or later (64-bit)', '10.16.44.148', 4, 32, 1200, 'vmx-13', 'Guest Tools Running', 'Guest Tools Supported New', '12.1.0'),
('Winsvr00588', 'Cluster_076', 'vCenter_003', 1, 'Microsoft Windows Server 2016 or later (64-bit)', '10.93.92.116', 8, 64, 900, 'vmx-13', 'Guest Tools Running', 'Guest Tools Supported New', '12.1.0'),
('Winsvr00589', 'Cluster_076', 'vCenter_003', 1, 'Microsoft Windows Server 2016 or later (64-bit)', '10.93.92.117', 6, 64, 625, 'vmx-13', 'Guest Tools Running', 'Guest Tools Supported New', '12.1.0'),
('Winsvr00590', 'Cluster_076', 'vCenter_003', 1, 'Microsoft Windows Server 2016 or later (64-bit)', '10.93.92.113', 6, 32, 500, 'vmx-13', 'Guest Tools Running', 'Guest Tools Supported New', '12.1.0'),
('Winsvr00591', 'Cluster_076', 'vCenter_003', 1, 'Microsoft Windows Server 2016 or later (64-bit)', '10.93.92.114', 4, 32, 300, 'vmx-13', 'Guest Tools Running', 'Guest Tools Supported New', '12.1.0'),
('Winsvr00592', 'Cluster_076', 'vCenter_003', 1, 'Microsoft Windows Server 2016 or later (64-bit)', '10.93.92.112', 4, 32, 300, 'vmx-13', 'Guest Tools Running', 'Guest Tools Supported New', '12.1.0'),
('Winsvr00593', 'Cluster_076', 'vCenter_003', 1, 'Microsoft Windows Server 2016 or later (64-bit)', '10.93.92.93', 4, 32, 550, 'vmx-13', 'Guest Tools Running', 'Guest Tools Supported New', '12.1.0'),
('Winsvr00594', 'Cluster_076', 'vCenter_003', 1, 'Microsoft Windows Server 2016 or later (64-bit)', '10.93.92.109', 4, 32, 1200, 'vmx-13', 'Guest Tools Running', 'Guest Tools Supported New', '12.1.0'),
('Winsvr00595', 'Cluster_077', 'vCenter_003', 1, 'Microsoft Windows Server 2016 or later (64-bit)', '10.16.16.181', 8, 64, 845, 'vmx-14', 'Guest Tools Running', 'Guest Tools Supported New', '12.1.0'),
('Winsvr00596', 'Cluster_077', 'vCenter_003', 1, 'Microsoft Windows Server 2016 or later (64-bit)', '10.16.16.182', 6, 64, 630, 'vmx-14', 'Guest Tools Running', 'Guest Tools Supported New', '12.1.0'),
('Winsvr00597', 'Cluster_077', 'vCenter_003', 1, 'Microsoft Windows Server 2016 or later (64-bit)', '10.16.16.183', 6, 32, 500, 'vmx-14', 'Guest Tools Running', 'Guest Tools Supported New', '12.1.0'),
('Winsvr00598', 'Cluster_077', 'vCenter_003', 1, 'Microsoft Windows Server 2016 or later (64-bit)', '10.16.16.184', 4, 32, 300, 'vmx-14', 'Guest Tools Running', 'Guest Tools Supported New', '12.1.0'),
('Winsvr00599', 'Cluster_077', 'vCenter_003', 1, 'Microsoft Windows Server 2016 or later (64-bit)', '10.16.16.185', 4, 32, 300, 'vmx-14', 'Guest Tools Running', 'Guest Tools Supported New', '12.1.0'),
('Winsvr00600', 'Cluster_077', 'vCenter_003', 1, 'Microsoft Windows Server 2016 or later (64-bit)', '10.16.16.186', 4, 32, 550, 'vmx-14', 'Guest Tools Running', 'Guest Tools Supported New', '12.1.0'),
('Winsvr00601', 'Cluster_077', 'vCenter_003', 1, 'Microsoft Windows Server 2016 or later (64-bit)', '10.16.16.187', 4, 32, 1200, 'vmx-14', 'Guest Tools Running', 'Guest Tools Supported New', '12.1.0'),
('Winsvr00602', 'Cluster_078', 'vCenter_003', 1, 'Microsoft Windows Server 2016 or later (64-bit)', '10.194.28.163', 8, 64, 900, 'vmx-13', 'Guest Tools Running', 'Guest Tools Supported New', '12.1.0'),
('Winsvr00603', 'Cluster_078', 'vCenter_003', 1, 'Microsoft Windows Server 2016 or later (64-bit)', '10.194.28.164', 6, 64, 625, 'vmx-13', 'Guest Tools Running', 'Guest Tools Supported New', '12.1.0'),
('Winsvr00604', 'Cluster_078', 'vCenter_003', 1, 'Microsoft Windows Server 2016 or later (64-bit)', '10.194.28.121', 6, 32, 500, 'vmx-13', 'Guest Tools Running', 'Guest Tools Supported New', '12.1.0'),
('Winsvr00605', 'Cluster_078', 'vCenter_003', 1, 'Microsoft Windows Server 2016 or later (64-bit)', '10.194.28.162', 4, 32, 300, 'vmx-13', 'Guest Tools Running', 'Guest Tools Supported New', '12.1.0'),
('Winsvr00606', 'Cluster_078', 'vCenter_003', 1, 'Microsoft Windows Server 2016 or later (64-bit)', '10.194.28.88', 4, 32, 300, 'vmx-13', 'Guest Tools Running', 'Guest Tools Supported New', '12.1.0'),
('Winsvr00607', 'Cluster_078', 'vCenter_003', 1, 'Microsoft Windows Server 2016 or later (64-bit)', '10.194.28.86', 4, 32, 550, 'vmx-13', 'Guest Tools Running', 'Guest Tools Supported New', '12.1.0'),
('Winsvr00608', 'Cluster_078', 'vCenter_003', 1, 'Microsoft Windows Server 2016 or later (64-bit)', '10.194.28.87', 4, 32, 1200, 'vmx-13', 'Guest Tools Running', 'Guest Tools Supported New', '12.1.0'),
('Winsvr00609', 'Cluster_079', 'vCenter_003', 1, 'Microsoft Windows Server 2016 or later (64-bit)', '10.63.220.152', 8, 64, 900, 'vmx-13', 'Guest Tools Running', 'Guest Tools Supported New', '12.1.0'),
('Winsvr00610', 'Cluster_079', 'vCenter_003', 1, 'Microsoft Windows Server 2016 or later (64-bit)', '10.63.220.153', 6, 64, 625, 'vmx-13', 'Guest Tools Running', 'Guest Tools Supported New', '12.1.0'),
('Winsvr00611', 'Cluster_079', 'vCenter_003', 1, 'Microsoft Windows Server 2016 or later (64-bit)', '10.63.220.150', 6, 32, 500, 'vmx-13', 'Guest Tools Running', 'Guest Tools Supported New', '12.1.0'),
('Winsvr00612', 'Cluster_079', 'vCenter_003', 1, 'Microsoft Windows Server 2016 or later (64-bit)', '10.63.220.151', 4, 32, 300, 'vmx-13', 'Guest Tools Running', 'Guest Tools Supported New', '12.1.0'),
('Winsvr00613', 'Cluster_079', 'vCenter_003', 1, 'Microsoft Windows Server 2016 or later (64-bit)', '10.63.220.149', 4, 32, 300, 'vmx-13', 'Guest Tools Running', 'Guest Tools Supported New', '12.1.0'),
('Winsvr00614', 'Cluster_079', 'vCenter_003', 1, 'Microsoft Windows Server 2016 or later (64-bit)', '10.63.220.147', 4, 32, 550, 'vmx-13', 'Guest Tools Running', 'Guest Tools Supported New', '12.1.0'),
('Winsvr00615', 'Cluster_079', 'vCenter_003', 1, 'Microsoft Windows Server 2016 or later (64-bit)', '10.63.220.148', 4, 32, 1200, 'vmx-13', 'Guest Tools Running', 'Guest Tools Supported New', '12.1.0'),
('Lnxsvr05000', 'Cluster_027', 'vCenter_002', 1, 'Other 4.x or later Linux (64-bit)', '10.65.20.135', 1, 1, 10, 'vmx-11', 'Guest Tools Running', 'Guest Tools Unmanaged', '11.3.5'),
('Lnxsvr05001', 'Cluster_028', 'vCenter_002', 1, 'Other 4.x or later Linux (64-bit)', '10.65.52.153', 1, 1, 10, 'vmx-11', 'Guest Tools Running', 'Guest Tools Unmanaged', '11.3.5'),
('Lnxsvr05002', 'Cluster_029', 'vCenter_002', 1, 'Other 4.x or later Linux (64-bit)', '10.65.68.140', 1, 1, 10, 'vmx-11', 'Guest Tools Running', 'Guest Tools Unmanaged', '11.3.5'),
('Lnxsvr05003', 'Cluster_030', 'vCenter_002', 1, 'Other 4.x or later Linux (64-bit)', '10.56.31.228', 1, 1, 10, 'vmx-11', 'Guest Tools Running', 'Guest Tools Unmanaged', '11.3.5'),
('Lnxsvr05004', 'Cluster_031', 'vCenter_002', 1, 'Other 4.x or later Linux (64-bit)', '10.47.212.129', 1, 1, 10, 'vmx-11', 'Guest Tools Running', 'Guest Tools Unmanaged', '11.3.5'),
('Lnxsvr05005', 'Cluster_032', 'vCenter_002', 1, 'Other 4.x or later Linux (64-bit)', '10.86.81.47', 1, 1, 10, 'vmx-11', 'Guest Tools Running', 'Guest Tools Unmanaged', '11.3.5'),
('Lnxsvr05006', 'Cluster_033', 'vCenter_002', 1, 'Other 4.x or later Linux (64-bit)', '10.87.47.180', 1, 1, 10, 'vmx-11', 'Guest Tools Running', 'Guest Tools Unmanaged', '11.3.5'),
('Lnxsvr05007', 'Cluster_034', 'vCenter_002', 1, 'Other 4.x or later Linux (64-bit)', '10.47.114.42', 1, 1, 10, 'vmx-11', 'Guest Tools Running', 'Guest Tools Unmanaged', '11.3.5'),
('Lnxsvr05008', 'Cluster_001', 'vCenter_001', 1, 'Other 4.x or later Linux (64-bit)', '10.50.242.120', 1, 1, 10, 'vmx-11', 'Guest Tools Running', 'Guest Tools Unmanaged', '11.3.5'),
('Lnxsvr05009', 'Cluster_002', 'vCenter_001', 1, 'Other 4.x or later Linux (64-bit)', '10.190.188.139', 1, 1, 10, 'vmx-11', 'Guest Tools Running', 'Guest Tools Unmanaged', '11.3.5'),
('Lnxsvr05010', 'Cluster_003', 'vCenter_001', 1, 'Other 4.x or later Linux (64-bit)', '10.70.188.157', 1, 1, 10, 'vmx-11', 'Guest Tools Running', 'Guest Tools Unmanaged', '11.3.5'),
('Lnxsvr05011', 'Cluster_004', 'vCenter_001', 1, 'Other 4.x or later Linux (64-bit)', '10.87.180.252', 1, 1, 10, 'vmx-11', 'Guest Tools Running', 'Guest Tools Unmanaged', '11.3.5'),
('Lnxsvr05012', 'Cluster_005', 'vCenter_001', 1, 'Other 4.x or later Linux (64-bit)', '10.191.239.172', 1, 1, 10, 'vmx-11', 'Guest Tools Running', 'Guest Tools Unmanaged', '11.3.5'),
('Lnxsvr05013', 'Cluster_006', 'vCenter_001', 1, 'Other 4.x or later Linux (64-bit)', '10.177.60.208', 1, 1, 10, 'vmx-11', 'Guest Tools Running', 'Guest Tools Unmanaged', '11.3.5'),
('Lnxsvr05014', 'Cluster_054', 'vCenter_003', 1, 'Other 4.x or later Linux (64-bit)', '10.177.44.181', 1, 1, 10, 'vmx-11', 'Guest Tools Running', 'Guest Tools Unmanaged', '11.3.5'),
('Lnxsvr05015', 'Cluster_007', 'vCenter_001', 1, 'Other 4.x or later Linux (64-bit)', '10.191.223.228', 1, 1, 10, 'vmx-11', 'Guest Tools Running', 'Guest Tools Unmanaged', '11.3.5'),
('Lnxsvr05016', 'Cluster_055', 'vCenter_003', 1, 'Other 4.x or later Linux (64-bit)', '10.70.212.146', 1, 1, 10, 'vmx-11', 'Guest Tools Running', 'Guest Tools Unmanaged', '11.3.5'),
('Lnxsvr05017', 'Cluster_035', 'vCenter_002', 1, 'Other 4.x or later Linux (64-bit)', '10.29.172.232', 1, 1, 10, 'vmx-11', 'Guest Tools Running', 'Guest Tools Unmanaged', '11.3.5'),
('Lnxsvr05018', 'Cluster_036', 'vCenter_002', 1, 'Other 4.x or later Linux (64-bit)', '10.80.159.228', 1, 1, 10, 'vmx-11', 'Guest Tools Running', 'Guest Tools Unmanaged', '11.3.5'),
('Lnxsvr05019', 'Cluster_037', 'vCenter_002', 1, 'Other 4.x or later Linux (64-bit)', '10.79.148.163', 1, 1, 10, 'vmx-11', 'Guest Tools Running', 'Guest Tools Unmanaged', '11.3.5'),
('Lnxsvr05020', 'Cluster_038', 'vCenter_002', 1, 'Other 4.x or later Linux (64-bit)', '10.79.172.169', 1, 1, 10, 'vmx-11', 'Guest Tools Running', 'Guest Tools Unmanaged', '11.3.5'),
('Lnxsvr05021', 'Cluster_039', 'vCenter_002', 1, 'Other 4.x or later Linux (64-bit)', '10.36.40.179', 1, 1, 10, 'vmx-11', 'Guest Tools Running', 'Guest Tools Unmanaged', '11.3.5'),
('Lnxsvr05022', 'Cluster_040', 'vCenter_002', 1, 'Other 4.x or later Linux (64-bit)', '10.18.188.215', 1, 1, 10, 'vmx-11', 'Guest Tools Running', 'Guest Tools Unmanaged', '11.3.5'),
('Lnxsvr05023', 'Cluster_008', 'vCenter_001', 1, 'Other 4.x or later Linux (64-bit)', '10.19.104.139', 1, 1, 10, 'vmx-11', 'Guest Tools Running', 'Guest Tools Unmanaged', '11.3.5'),
('Lnxsvr05024', 'Cluster_041', 'vCenter_002', 1, 'Other 4.x or later Linux (64-bit)', '10.18.148.145', 1, 1, 10, 'vmx-11', 'Guest Tools Running', 'Guest Tools Unmanaged', '11.3.5'),
('Lnxsvr05025', 'Cluster_042', 'vCenter_002', 1, 'Other 4.x or later Linux (64-bit)', '10.19.16.218', 1, 1, 10, 'vmx-11', 'Guest Tools Running', 'Guest Tools Unmanaged', '11.3.5'),
('Lnxsvr05026', 'Cluster_043', 'vCenter_002', 1, 'Other 4.x or later Linux (64-bit)', '10.23.208.143', 1, 1, 10, 'vmx-11', 'Guest Tools Running', 'Guest Tools Unmanaged', '11.3.5'),
('Lnxsvr05027', 'Cluster_044', 'vCenter_002', 1, 'Other 4.x or later Linux (64-bit)', '10.24.88.130', 1, 1, 10, 'vmx-11', 'Guest Tools Running', 'Guest Tools Unmanaged', '11.3.5'),
('Lnxsvr05028', 'Cluster_045', 'vCenter_002', 1, 'Other 4.x or later Linux (64-bit)', '10.19.158.243', 1, 1, 10, 'vmx-11', 'Guest Tools Running', 'Guest Tools Unmanaged', '11.3.5'),
('Lnxsvr05029', 'Cluster_046', 'vCenter_002', 1, 'Other 4.x or later Linux (64-bit)', '10.42.120.251', 1, 1, 10, 'vmx-11', 'Guest Tools Running', 'Guest Tools Unmanaged', '11.3.5'),
('Lnxsvr05030', 'Cluster_009', 'vCenter_001', 1, 'Other 4.x or later Linux (64-bit)', '10.52.220.188', 1, 1, 10, 'vmx-11', 'Guest Tools Running', 'Guest Tools Unmanaged', '11.3.5'),
('Lnxsvr05031', 'Cluster_047', 'vCenter_002', 1, 'Other 4.x or later Linux (64-bit)', '10.51.40.248', 1, 1, 10, 'vmx-11', 'Guest Tools Running', 'Guest Tools Unmanaged', '11.3.5'),
('Lnxsvr05032', 'Cluster_056', 'vCenter_003', 1, 'Other 4.x or later Linux (64-bit)', '10.42.152.251', 1, 1, 10, 'vmx-11', 'Guest Tools Running', 'Guest Tools Unmanaged', '11.3.5'),
('Lnxsvr05033', 'Cluster_057', 'vCenter_003', 1, 'Other 4.x or later Linux (64-bit)', '10.51.60.137', 1, 1, 10, 'vmx-11', 'Guest Tools Running', 'Guest Tools Unmanaged', '11.3.5'),
('Lnxsvr05034', 'Cluster_058', 'vCenter_003', 0, 'Other 4.x or later Linux (64-bit)', 'none', 1, 1, 10, 'vmx-11', 'Guest Tools Not Running', 'Guest Tools Unmanaged', '11.3.5'),
('Lnxsvr05035', 'Cluster_059', 'vCenter_003', 1, 'Other 4.x or later Linux (64-bit)', '10.89.84.160', 1, 1, 10, 'vmx-11', 'Guest Tools Running', 'Guest Tools Unmanaged', '11.3.5'),
('Lnxsvr05036', 'Cluster_048', 'vCenter_002', 1, 'Other 4.x or later Linux (64-bit)', '10.89.172.155', 1, 1, 10, 'vmx-11', 'Guest Tools Running', 'Guest Tools Unmanaged', '11.3.5'),
('Lnxsvr05037', 'Cluster_060', 'vCenter_003', 1, 'Other 4.x or later Linux (64-bit)', '10.89.60.139', 1, 1, 10, 'vmx-11', 'Guest Tools Running', 'Guest Tools Unmanaged', '11.3.5'),
('Lnxsvr05038', 'Cluster_061', 'vCenter_003', 1, 'Other 4.x or later Linux (64-bit)', '10.89.28.192', 1, 1, 10, 'vmx-11', 'Guest Tools Running', 'Guest Tools Unmanaged', '11.3.5'),
('Lnxsvr05039', 'Cluster_062', 'vCenter_003', 1, 'Other 4.x or later Linux (64-bit)', '10.48.52.141', 1, 1, 10, 'vmx-11', 'Guest Tools Running', 'Guest Tools Unmanaged', '11.3.5'),
('Lnxsvr05040', 'Cluster_049', 'vCenter_002', 1, 'Other 4.x or later Linux (64-bit)', '10.81.217.33', 1, 1, 10, 'vmx-11', 'Guest Tools Running', 'Guest Tools Unmanaged', '11.3.5'),
('Lnxsvr05041', 'Cluster_063', 'vCenter_003', 1, 'Other 4.x or later Linux (64-bit)', '10.69.52.149', 1, 1, 10, 'vmx-11', 'Guest Tools Running', 'Guest Tools Unmanaged', '11.3.5'),
('Lnxsvr05042', 'Cluster_010', 'vCenter_001', 1, 'Other 4.x or later Linux (64-bit)', '10.69.60.135', 1, 1, 10, 'vmx-11', 'Guest Tools Running', 'Guest Tools Unmanaged', '11.3.5'),
('Lnxsvr05043', 'Cluster_064', 'vCenter_003', 1, 'Other 4.x or later Linux (64-bit)', '10.82.52.154', 1, 1, 10, 'vmx-11', 'Guest Tools Running', 'Guest Tools Unmanaged', '11.3.5'),
('Lnxsvr05044', 'Cluster_065', 'vCenter_003', 1, 'Other 4.x or later Linux (64-bit)', '10.69.124.164', 1, 1, 10, 'vmx-11', 'Guest Tools Running', 'Guest Tools Unmanaged', '11.3.5'),
('Lnxsvr05045', 'Cluster_011', 'vCenter_001', 1, 'Other 4.x or later Linux (64-bit)', '10.30.220.95', 1, 1, 10, 'vmx-11', 'Guest Tools Running', 'Guest Tools Unmanaged', '11.3.5'),
('Lnxsvr05046', 'Cluster_066', 'vCenter_003', 1, 'Other 4.x or later Linux (64-bit)', '10.197.28.147', 1, 1, 10, 'vmx-11', 'Guest Tools Running', 'Guest Tools Unmanaged', '11.3.5'),
('Lnxsvr05047', 'Cluster_067', 'vCenter_003', 1, 'Other 4.x or later Linux (64-bit)', '10.197.76.132', 1, 1, 10, 'vmx-11', 'Guest Tools Running', 'Guest Tools Unmanaged', '11.3.5'),
('Lnxsvr05048', 'Cluster_068', 'vCenter_003', 1, 'Other 4.x or later Linux (64-bit)', '10.72.8.138', 1, 1, 10, 'vmx-11', 'Guest Tools Running', 'Guest Tools Unmanaged', '11.3.5'),
('Lnxsvr05049', 'Cluster_012', 'vCenter_001', 1, 'Other 4.x or later Linux (64-bit)', '10.72.132.136', 1, 1, 10, 'vmx-11', 'Guest Tools Running', 'Guest Tools Unmanaged', '11.3.5'),
('Lnxsvr05050', 'Cluster_013', 'vCenter_001', 1, 'Other 4.x or later Linux (64-bit)', '10.72.140.158', 1, 1, 10, 'vmx-11', 'Guest Tools Running', 'Guest Tools Unmanaged', '11.3.5'),
('Lnxsvr05051', 'Cluster_014', 'vCenter_001', 1, 'Other 4.x or later Linux (64-bit)', '10.72.148.130', 1, 1, 10, 'vmx-11', 'Guest Tools Running', 'Guest Tools Unmanaged', '11.3.5'),
('Lnxsvr05052', 'Cluster_015', 'vCenter_001', 1, 'Other 4.x or later Linux (64-bit)', '10.84.188.171', 1, 1, 10, 'vmx-11', 'Guest Tools Running', 'Guest Tools Unmanaged', '11.3.5'),
('Lnxsvr05053', 'Cluster_016', 'vCenter_001', 1, 'Other 4.x or later Linux (64-bit)', '10.84.196.151', 1, 1, 10, 'vmx-11', 'Guest Tools Running', 'Guest Tools Unmanaged', '11.3.5'),
('Lnxsvr05054', 'Cluster_017', 'vCenter_001', 1, 'Other 4.x or later Linux (64-bit)', '10.72.164.140', 1, 1, 10, 'vmx-11', 'Guest Tools Running', 'Guest Tools Unmanaged', '11.3.5'),
('Lnxsvr05055', 'Cluster_018', 'vCenter_001', 1, 'Other 4.x or later Linux (64-bit)', '10.84.204.153', 1, 1, 10, 'vmx-11', 'Guest Tools Running', 'Guest Tools Unmanaged', '11.3.5'),
('Lnxsvr05056', 'Cluster_019', 'vCenter_001', 1, 'Other 4.x or later Linux (64-bit)', '10.72.180.135', 1, 1, 10, 'vmx-11', 'Guest Tools Running', 'Guest Tools Unmanaged', '11.3.5'),
('Lnxsvr05057', 'Cluster_069', 'vCenter_003', 1, 'Other 4.x or later Linux (64-bit)', '10.60.12.126', 1, 1, 10, 'vmx-11', 'Guest Tools Running', 'Guest Tools Unmanaged', '11.3.5'),
('Lnxsvr05058', 'Cluster_020', 'vCenter_001', 1, 'Other 4.x or later Linux (64-bit)', '10.76.188.135', 1, 1, 10, 'vmx-11', 'Guest Tools Running', 'Guest Tools Unmanaged', '11.3.5'),
('Lnxsvr05059', 'Cluster_070', 'vCenter_003', 1, 'Other 4.x or later Linux (64-bit)', '10.195.164.137', 1, 1, 10, 'vmx-11', 'Guest Tools Running', 'Guest Tools Unmanaged', '11.3.5'),
('Lnxsvr05060', 'Cluster_071', 'vCenter_003', 1, 'Other 4.x or later Linux (64-bit)', '10.195.172.165', 1, 1, 10, 'vmx-11', 'Guest Tools Running', 'Guest Tools Unmanaged', '11.3.5'),
('Lnxsvr05061', 'Cluster_072', 'vCenter_003', 1, 'Other 4.x or later Linux (64-bit)', '10.195.196.137', 1, 1, 10, 'vmx-11', 'Guest Tools Running', 'Guest Tools Unmanaged', '11.3.5'),
('Lnxsvr05062', 'Cluster_073', 'vCenter_003', 1, 'Other 4.x or later Linux (64-bit)', '10.195.204.131', 1, 1, 10, 'vmx-11', 'Guest Tools Running', 'Guest Tools Unmanaged', '11.3.5'),
('Lnxsvr05063', 'Cluster_074', 'vCenter_003', 1, 'Other 4.x or later Linux (64-bit)', '10.195.228.141', 1, 1, 10, 'vmx-11', 'Guest Tools Running', 'Guest Tools Unmanaged', '11.3.5'),
('Lnxsvr05064', 'Cluster_075', 'vCenter_003', 1, 'Other 4.x or later Linux (64-bit)', '10.16.44.146', 1, 1, 10, 'vmx-11', 'Guest Tools Running', 'Guest Tools Unmanaged', '11.3.5'),
('Lnxsvr05065', 'Cluster_021', 'vCenter_001', 1, 'Other 4.x or later Linux (64-bit)', '10.16.148.127', 1, 1, 10, 'vmx-11', 'Guest Tools Running', 'Guest Tools Unmanaged', '11.3.5'),
('Lnxsvr05066', 'Cluster_076', 'vCenter_003', 1, 'Other 4.x or later Linux (64-bit)', '10.93.92.143', 1, 1, 10, 'vmx-11', 'Guest Tools Running', 'Guest Tools Unmanaged', '11.3.5'),
('Lnxsvr05067', 'Cluster_022', 'vCenter_001', 1, 'Other 4.x or later Linux (64-bit)', '10.40.239.20', 1, 1, 10, 'vmx-11', 'Guest Tools Running', 'Guest Tools Unmanaged', '11.3.5'),
('Lnxsvr05068', 'Cluster_023', 'vCenter_001', 1, 'Other 4.x or later Linux (64-bit)', '10.55.28.145', 1, 1, 10, 'vmx-11', 'Guest Tools Running', 'Guest Tools Unmanaged', '11.3.5'),
('Lnxsvr05069', 'Cluster_077', 'vCenter_003', 1, 'Other 4.x or later Linux (64-bit)', '10.16.16.177', 1, 1, 10, 'vmx-11', 'Guest Tools Running', 'Guest Tools Unmanaged', '11.3.5'),
('Lnxsvr05070', 'Cluster_050', 'vCenter_002', 1, 'Other 4.x or later Linux (64-bit)', '10.49.32.136', 1, 1, 10, 'vmx-11', 'Guest Tools Running', 'Guest Tools Unmanaged', '11.3.5'),
('Lnxsvr05071', 'Cluster_024', 'vCenter_001', 1, 'Other 4.x or later Linux (64-bit)', '10.74.20.154', 1, 1, 10, 'vmx-11', 'Guest Tools Running', 'Guest Tools Unmanaged', '11.3.5'),
('Lnxsvr05072', 'Cluster_025', 'vCenter_001', 1, 'Other 4.x or later Linux (64-bit)', '10.74.36.140', 1, 1, 10, 'vmx-11', 'Guest Tools Running', 'Guest Tools Unmanaged', '11.3.5'),
('Lnxsvr05073', 'Cluster_026', 'vCenter_001', 1, 'Other 4.x or later Linux (64-bit)', '10.74.44.132', 1, 1, 10, 'vmx-11', 'Guest Tools Running', 'Guest Tools Unmanaged', '11.3.5'),
('Lnxsvr05074', 'Cluster_051', 'vCenter_002', 1, 'Other 4.x or later Linux (64-bit)', '10.187.10.41', 1, 1, 10, 'vmx-11', 'Guest Tools Running', 'Guest Tools Unmanaged', '11.3.5'),
('Lnxsvr05075', 'Cluster_078', 'vCenter_003', 1, 'Other 4.x or later Linux (64-bit)', '10.194.28.161', 1, 1, 10, 'vmx-11', 'Guest Tools Running', 'Guest Tools Unmanaged', '11.3.5'),
('Lnxsvr05076', 'Cluster_079', 'vCenter_003', 1, 'Other 4.x or later Linux (64-bit)', '10.63.220.145', 1, 1, 10, 'vmx-11', 'Guest Tools Running', 'Guest Tools Unmanaged', '11.3.5'),
('Lnxsvr05077', 'Cluster_052', 'vCenter_002', 1, 'Other 4.x or later Linux (64-bit)', '10.42.44.143', 1, 1, 10, 'vmx-11', 'Guest Tools Running', 'Guest Tools Unmanaged', '11.3.5'),
('Lnxsvr05078', 'Cluster_053', 'vCenter_002', 1, 'Other 4.x or later Linux (64-bit)', '10.196.33.214', 1, 1, 10, 'vmx-11', 'Guest Tools Running', 'Guest Tools Unmanaged', '11.3.5'),
('Lnxsvr05079', 'Cluster_027', 'vCenter_002', 1, 'SUSE Linux Enterprise 12 (64-bit)', '10.65.20.133', 4, 8, 156, 'vmx-11', 'Guest Tools Running', 'Guest Tools Unmanaged', '11.3.5'),
('Lnxsvr05080', 'Cluster_027', 'vCenter_002', 1, 'SUSE Linux Enterprise 12 (64-bit)', '10.65.20.134', 4, 8, 156, 'vmx-11', 'Guest Tools Running', 'Guest Tools Unmanaged', '11.3.5'),
('Lnxsvr05081', 'Cluster_028', 'vCenter_002', 1, 'SUSE Linux Enterprise 12 (64-bit)', '10.65.52.151', 4, 8, 156, 'vmx-11', 'Guest Tools Running', 'Guest Tools Unmanaged', '11.3.5'),
('Lnxsvr05082', 'Cluster_028', 'vCenter_002', 1, 'SUSE Linux Enterprise 12 (64-bit)', '10.65.52.152', 4, 8, 156, 'vmx-11', 'Guest Tools Running', 'Guest Tools Unmanaged', '11.3.5'),
('Lnxsvr05083', 'Cluster_029', 'vCenter_002', 1, 'SUSE Linux Enterprise 12 (64-bit)', '10.65.68.138', 4, 8, 156, 'vmx-11', 'Guest Tools Running', 'Guest Tools Unmanaged', '11.3.5'),
('Lnxsvr05084', 'Cluster_029', 'vCenter_002', 1, 'SUSE Linux Enterprise 12 (64-bit)', '10.65.68.139', 4, 8, 156, 'vmx-11', 'Guest Tools Running', 'Guest Tools Unmanaged', '11.3.5'),
('Lnxsvr05085', 'Cluster_030', 'vCenter_002', 1, 'SUSE Linux Enterprise 12 (64-bit)', '10.56.31.226', 4, 8, 156, 'vmx-11', 'Guest Tools Running', 'Guest Tools Unmanaged', '11.3.5'),
('Lnxsvr05086', 'Cluster_030', 'vCenter_002', 1, 'SUSE Linux Enterprise 12 (64-bit)', '10.56.31.227', 4, 8, 156, 'vmx-11', 'Guest Tools Running', 'Guest Tools Unmanaged', '11.3.5'),
('Lnxsvr05087', 'Cluster_031', 'vCenter_002', 1, 'SUSE Linux Enterprise 12 (64-bit)', '10.47.212.127', 4, 8, 156, 'vmx-11', 'Guest Tools Running', 'Guest Tools Unmanaged', '11.3.5'),
('Lnxsvr05088', 'Cluster_031', 'vCenter_002', 1, 'SUSE Linux Enterprise 12 (64-bit)', '10.47.212.128', 4, 8, 156, 'vmx-11', 'Guest Tools Running', 'Guest Tools Unmanaged', '11.3.5'),
('Lnxsvr05089', 'Cluster_032', 'vCenter_002', 1, 'SUSE Linux Enterprise 12 (64-bit)', '10.86.81.44', 4, 8, 156, 'vmx-11', 'Guest Tools Running', 'Guest Tools Unmanaged', '11.3.5'),
('Lnxsvr05090', 'Cluster_032', 'vCenter_002', 1, 'SUSE Linux Enterprise 12 (64-bit)', '10.86.81.45', 4, 8, 156, 'vmx-11', 'Guest Tools Running', 'Guest Tools Unmanaged', '11.3.5'),
('Lnxsvr05091', 'Cluster_033', 'vCenter_002', 1, 'SUSE Linux Enterprise 12 (64-bit)', '10.87.47.178', 4, 8, 156, 'vmx-11', 'Guest Tools Running', 'Guest Tools Unmanaged', '11.3.5'),
('Lnxsvr05092', 'Cluster_033', 'vCenter_002', 1, 'SUSE Linux Enterprise 12 (64-bit)', '10.87.47.179', 4, 8, 156, 'vmx-11', 'Guest Tools Running', 'Guest Tools Unmanaged', '11.3.5'),
('Lnxsvr05093', 'Cluster_034', 'vCenter_002', 1, 'SUSE Linux Enterprise 12 (64-bit)', '10.47.114.40', 4, 8, 156, 'vmx-11', 'Guest Tools Running', 'Guest Tools Unmanaged', '11.3.5'),
('Lnxsvr05094', 'Cluster_034', 'vCenter_002', 1, 'SUSE Linux Enterprise 12 (64-bit)', '10.47.114.41', 4, 8, 156, 'vmx-11', 'Guest Tools Running', 'Guest Tools Unmanaged', '11.3.5'),
('Lnxsvr05095', 'Cluster_001', 'vCenter_001', 1, 'SUSE Linux Enterprise 12 (64-bit)', '10.50.242.118', 4, 8, 156, 'vmx-11', 'Guest Tools Running', 'Guest Tools Unmanaged', '11.3.5'),
('Lnxsvr05096', 'Cluster_001', 'vCenter_001', 1, 'SUSE Linux Enterprise 12 (64-bit)', '10.50.242.119', 4, 8, 156, 'vmx-11', 'Guest Tools Running', 'Guest Tools Unmanaged', '11.3.5'),
('Lnxsvr05097', 'Cluster_002', 'vCenter_001', 1, 'SUSE Linux Enterprise 12 (64-bit)', '10.190.188.137', 4, 8, 156, 'vmx-11', 'Guest Tools Running', 'Guest Tools Unmanaged', '11.3.5'),
('Lnxsvr05098', 'Cluster_002', 'vCenter_001', 1, 'SUSE Linux Enterprise 12 (64-bit)', '10.190.188.138', 4, 8, 156, 'vmx-11', 'Guest Tools Running', 'Guest Tools Unmanaged', '11.3.5'),
('Lnxsvr05099', 'Cluster_003', 'vCenter_001', 1, 'SUSE Linux Enterprise 12 (64-bit)', '10.70.188.155', 4, 8, 156, 'vmx-11', 'Guest Tools Running', 'Guest Tools Unmanaged', '11.3.5'),
('Lnxsvr05100', 'Cluster_003', 'vCenter_001', 1, 'SUSE Linux Enterprise 12 (64-bit)', '10.70.188.156', 4, 8, 156, 'vmx-11', 'Guest Tools Running', 'Guest Tools Unmanaged', '11.3.5'),
('Lnxsvr05101', 'Cluster_004', 'vCenter_001', 1, 'SUSE Linux Enterprise 12 (64-bit)', '10.87.180.250', 4, 8, 156, 'vmx-11', 'Guest Tools Running', 'Guest Tools Unmanaged', '11.3.5'),
('Lnxsvr05102', 'Cluster_004', 'vCenter_001', 1, 'SUSE Linux Enterprise 12 (64-bit)', '10.87.180.251', 4, 8, 156, 'vmx-11', 'Guest Tools Running', 'Guest Tools Unmanaged', '11.3.5'),
('Lnxsvr05103', 'Cluster_005', 'vCenter_001', 1, 'SUSE Linux Enterprise 12 (64-bit)', '10.191.239.170', 4, 8, 156, 'vmx-11', 'Guest Tools Running', 'Guest Tools Unmanaged', '11.3.5'),
('Lnxsvr05104', 'Cluster_005', 'vCenter_001', 1, 'SUSE Linux Enterprise 12 (64-bit)', '10.191.239.171', 4, 8, 156, 'vmx-11', 'Guest Tools Running', 'Guest Tools Unmanaged', '11.3.5'),
('Lnxsvr05105', 'Cluster_006', 'vCenter_001', 1, 'SUSE Linux Enterprise 12 (64-bit)', '10.177.60.206', 4, 8, 156, 'vmx-11', 'Guest Tools Running', 'Guest Tools Unmanaged', '11.3.5'),
('Lnxsvr05106', 'Cluster_006', 'vCenter_001', 1, 'SUSE Linux Enterprise 12 (64-bit)', '10.177.60.207', 4, 8, 156, 'vmx-11', 'Guest Tools Running', 'Guest Tools Unmanaged', '11.3.5'),
('Lnxsvr05107', 'Cluster_054', 'vCenter_003', 1, 'SUSE Linux Enterprise 12 (64-bit)', '10.177.44.179', 4, 8, 156, 'vmx-11', 'Guest Tools Running', 'Guest Tools Unmanaged', '11.3.5'),
('Lnxsvr05108', 'Cluster_054', 'vCenter_003', 1, 'SUSE Linux Enterprise 12 (64-bit)', '10.177.44.180', 4, 8, 156, 'vmx-11', 'Guest Tools Running', 'Guest Tools Unmanaged', '11.3.5'),
('Lnxsvr05109', 'Cluster_007', 'vCenter_001', 1, 'SUSE Linux Enterprise 12 (64-bit)', '10.191.223.226', 4, 8, 156, 'vmx-11', 'Guest Tools Running', 'Guest Tools Unmanaged', '11.3.5'),
('Lnxsvr05110', 'Cluster_007', 'vCenter_001', 1, 'SUSE Linux Enterprise 12 (64-bit)', '10.191.223.227', 4, 8, 156, 'vmx-11', 'Guest Tools Running', 'Guest Tools Unmanaged', '11.3.5'),
('Lnxsvr05111', 'Cluster_055', 'vCenter_003', 1, 'SUSE Linux Enterprise 12 (64-bit)', '10.70.212.144', 4, 8, 156, 'vmx-11', 'Guest Tools Running', 'Guest Tools Unmanaged', '11.3.5'),
('Lnxsvr05112', 'Cluster_055', 'vCenter_003', 1, 'SUSE Linux Enterprise 12 (64-bit)', '10.70.212.145', 4, 8, 156, 'vmx-11', 'Guest Tools Running', 'Guest Tools Unmanaged', '11.3.5'),
('Lnxsvr05113', 'Cluster_035', 'vCenter_002', 1, 'SUSE Linux Enterprise 12 (64-bit)', '10.29.172.233', 4, 8, 156, 'vmx-11', 'Guest Tools Running', 'Guest Tools Unmanaged', '11.3.5'),
('Lnxsvr05114', 'Cluster_035', 'vCenter_002', 1, 'SUSE Linux Enterprise 12 (64-bit)', '10.29.172.234', 4, 8, 156, 'vmx-11', 'Guest Tools Running', 'Guest Tools Unmanaged', '11.3.5'),
('Lnxsvr05115', 'Cluster_036', 'vCenter_002', 1, 'SUSE Linux Enterprise 12 (64-bit)', '10.80.159.226', 4, 8, 156, 'vmx-11', 'Guest Tools Running', 'Guest Tools Unmanaged', '11.3.5'),
('Lnxsvr05116', 'Cluster_036', 'vCenter_002', 1, 'SUSE Linux Enterprise 12 (64-bit)', '10.80.159.227', 4, 8, 156, 'vmx-11', 'Guest Tools Running', 'Guest Tools Unmanaged', '11.3.5'),
('Lnxsvr05117', 'Cluster_037', 'vCenter_002', 1, 'SUSE Linux Enterprise 12 (64-bit)', '10.79.148.161', 4, 8, 156, 'vmx-11', 'Guest Tools Running', 'Guest Tools Unmanaged', '11.3.5'),
('Lnxsvr05118', 'Cluster_037', 'vCenter_002', 1, 'SUSE Linux Enterprise 12 (64-bit)', '10.79.148.162', 4, 8, 156, 'vmx-11', 'Guest Tools Running', 'Guest Tools Unmanaged', '11.3.5'),
('Lnxsvr05119', 'Cluster_038', 'vCenter_002', 1, 'SUSE Linux Enterprise 12 (64-bit)', '10.79.172.167', 4, 8, 156, 'vmx-11', 'Guest Tools Running', 'Guest Tools Unmanaged', '11.3.5'),
('Lnxsvr05120', 'Cluster_038', 'vCenter_002', 1, 'SUSE Linux Enterprise 12 (64-bit)', '10.79.172.168', 4, 8, 156, 'vmx-11', 'Guest Tools Running', 'Guest Tools Unmanaged', '11.3.5'),
('Lnxsvr05121', 'Cluster_039', 'vCenter_002', 1, 'SUSE Linux Enterprise 12 (64-bit)', '10.36.40.177', 4, 8, 156, 'vmx-11', 'Guest Tools Running', 'Guest Tools Unmanaged', '11.3.5'),
('Lnxsvr05122', 'Cluster_039', 'vCenter_002', 1, 'SUSE Linux Enterprise 12 (64-bit)', '10.36.40.178', 4, 8, 156, 'vmx-11', 'Guest Tools Running', 'Guest Tools Unmanaged', '11.3.5'),
('Lnxsvr05123', 'Cluster_040', 'vCenter_002', 1, 'SUSE Linux Enterprise 12 (64-bit)', '10.18.188.213', 4, 8, 156, 'vmx-11', 'Guest Tools Running', 'Guest Tools Unmanaged', '11.3.5'),
('Lnxsvr05124', 'Cluster_040', 'vCenter_002', 1, 'SUSE Linux Enterprise 12 (64-bit)', '10.18.188.214', 4, 8, 156, 'vmx-11', 'Guest Tools Running', 'Guest Tools Unmanaged', '11.3.5'),
('Lnxsvr05125', 'Cluster_008', 'vCenter_001', 1, 'SUSE Linux Enterprise 12 (64-bit)', '10.19.104.137', 4, 8, 156, 'vmx-11', 'Guest Tools Running', 'Guest Tools Unmanaged', '11.3.5'),
('Lnxsvr05126', 'Cluster_008', 'vCenter_001', 1, 'SUSE Linux Enterprise 12 (64-bit)', '10.19.104.138', 4, 8, 156, 'vmx-11', 'Guest Tools Running', 'Guest Tools Unmanaged', '11.3.5'),
('Lnxsvr05127', 'Cluster_041', 'vCenter_002', 1, 'SUSE Linux Enterprise 12 (64-bit)', '10.18.148.143', 4, 8, 156, 'vmx-11', 'Guest Tools Running', 'Guest Tools Unmanaged', '11.3.5'),
('Lnxsvr05128', 'Cluster_041', 'vCenter_002', 1, 'SUSE Linux Enterprise 12 (64-bit)', '10.18.148.144', 4, 8, 156, 'vmx-11', 'Guest Tools Running', 'Guest Tools Unmanaged', '11.3.5'),
('Lnxsvr05129', 'Cluster_042', 'vCenter_002', 1, 'SUSE Linux Enterprise 12 (64-bit)', '10.19.16.216', 4, 8, 156, 'vmx-11', 'Guest Tools Running', 'Guest Tools Unmanaged', '11.3.5'),
('Lnxsvr05130', 'Cluster_042', 'vCenter_002', 1, 'SUSE Linux Enterprise 12 (64-bit)', '10.19.16.217', 4, 8, 156, 'vmx-11', 'Guest Tools Running', 'Guest Tools Unmanaged', '11.3.5'),
('Lnxsvr05131', 'Cluster_043', 'vCenter_002', 1, 'SUSE Linux Enterprise 12 (64-bit)', '10.23.208.141', 4, 8, 156, 'vmx-11', 'Guest Tools Running', 'Guest Tools Unmanaged', '11.3.5'),
('Lnxsvr05132', 'Cluster_043', 'vCenter_002', 1, 'SUSE Linux Enterprise 12 (64-bit)', '10.23.208.142', 4, 8, 156, 'vmx-11', 'Guest Tools Running', 'Guest Tools Unmanaged', '11.3.5'),
('Lnxsvr05133', 'Cluster_044', 'vCenter_002', 1, 'SUSE Linux Enterprise 12 (64-bit)', '10.24.88.128', 4, 8, 156, 'vmx-11', 'Guest Tools Running', 'Guest Tools Unmanaged', '11.3.5'),
('Lnxsvr05134', 'Cluster_044', 'vCenter_002', 1, 'SUSE Linux Enterprise 12 (64-bit)', '10.24.88.129', 4, 8, 156, 'vmx-11', 'Guest Tools Running', 'Guest Tools Unmanaged', '11.3.5'),
('Lnxsvr05135', 'Cluster_045', 'vCenter_002', 1, 'SUSE Linux Enterprise 12 (64-bit)', '10.19.158.241', 4, 8, 156, 'vmx-11', 'Guest Tools Running', 'Guest Tools Unmanaged', '11.3.5'),
('Lnxsvr05136', 'Cluster_045', 'vCenter_002', 1, 'SUSE Linux Enterprise 12 (64-bit)', '10.19.158.242', 4, 8, 156, 'vmx-11', 'Guest Tools Running', 'Guest Tools Unmanaged', '11.3.5'),
('Lnxsvr05137', 'Cluster_046', 'vCenter_002', 1, 'SUSE Linux Enterprise 12 (64-bit)', '10.42.120.249', 4, 8, 156, 'vmx-11', 'Guest Tools Running', 'Guest Tools Unmanaged', '11.3.5'),
('Lnxsvr05138', 'Cluster_046', 'vCenter_002', 1, 'SUSE Linux Enterprise 12 (64-bit)', '10.42.120.250', 4, 8, 156, 'vmx-11', 'Guest Tools Running', 'Guest Tools Unmanaged', '11.3.5'),
('Lnxsvr05139', 'Cluster_009', 'vCenter_001', 1, 'SUSE Linux Enterprise 12 (64-bit)', '10.52.220.186', 4, 8, 156, 'vmx-11', 'Guest Tools Running', 'Guest Tools Unmanaged', '11.3.5'),
('Lnxsvr05140', 'Cluster_009', 'vCenter_001', 1, 'SUSE Linux Enterprise 12 (64-bit)', '10.52.220.187', 4, 8, 156, 'vmx-11', 'Guest Tools Running', 'Guest Tools Unmanaged', '11.3.5'),
('Lnxsvr05141', 'Cluster_047', 'vCenter_002', 1, 'SUSE Linux Enterprise 12 (64-bit)', '10.51.40.246', 4, 8, 156, 'vmx-11', 'Guest Tools Running', 'Guest Tools Unmanaged', '11.3.5'),
('Lnxsvr05142', 'Cluster_047', 'vCenter_002', 1, 'SUSE Linux Enterprise 12 (64-bit)', '10.51.40.247', 4, 8, 156, 'vmx-11', 'Guest Tools Running', 'Guest Tools Unmanaged', '11.3.5'),
('Lnxsvr05143', 'Cluster_056', 'vCenter_003', 1, 'SUSE Linux Enterprise 12 (64-bit)', '10.42.152.249', 4, 8, 156, 'vmx-11', 'Guest Tools Running', 'Guest Tools Unmanaged', '11.3.5'),
('Lnxsvr05144', 'Cluster_056', 'vCenter_003', 1, 'SUSE Linux Enterprise 12 (64-bit)', '10.42.152.250', 4, 8, 156, 'vmx-11', 'Guest Tools Running', 'Guest Tools Unmanaged', '11.3.5'),
('Lnxsvr05145', 'Cluster_057', 'vCenter_003', 1, 'SUSE Linux Enterprise 12 (64-bit)', '10.51.60.135', 4, 8, 156, 'vmx-11', 'Guest Tools Running', 'Guest Tools Unmanaged', '11.3.5'),
('Lnxsvr05146', 'Cluster_057', 'vCenter_003', 1, 'SUSE Linux Enterprise 12 (64-bit)', '10.51.60.136', 4, 8, 156, 'vmx-11', 'Guest Tools Running', 'Guest Tools Unmanaged', '11.3.5'),
('Lnxsvr05147', 'Cluster_058', 'vCenter_003', 0, 'none', 'none', 4, 8, 156, 'vmx-11', 'Guest Tools Not Running', 'Guest Tools Unmanaged', '11.3.5'),
('Lnxsvr05148', 'Cluster_058', 'vCenter_003', 0, 'none', 'none', 4, 8, 156, 'vmx-11', 'Guest Tools Not Running', 'Guest Tools Unmanaged', '11.3.5');
INSERT INTO `server` (`serverName`, `parentCluster`, `parentCenter`, `isPowered`, `guestOS`, `ipAddress`, `vCPU`, `memory`, `diskSpace`, `hardware`, `toolsStaus`, `toolsState`, `toolsVersion`) VALUES
('Lnxsvr05149', 'Cluster_059', 'vCenter_003', 1, 'SUSE Linux Enterprise 12 (64-bit)', '10.89.84.158', 4, 8, 156, 'vmx-11', 'Guest Tools Running', 'Guest Tools Unmanaged', '11.3.5'),
('Lnxsvr05150', 'Cluster_059', 'vCenter_003', 1, 'SUSE Linux Enterprise 12 (64-bit)', '10.89.84.159', 4, 8, 156, 'vmx-11', 'Guest Tools Running', 'Guest Tools Unmanaged', '11.3.5'),
('Lnxsvr05151', 'Cluster_048', 'vCenter_002', 1, 'SUSE Linux Enterprise 12 (64-bit)', '10.89.172.153', 4, 8, 156, 'vmx-11', 'Guest Tools Running', 'Guest Tools Unmanaged', '11.3.5'),
('Lnxsvr05152', 'Cluster_048', 'vCenter_002', 1, 'SUSE Linux Enterprise 12 (64-bit)', '10.89.172.154', 4, 8, 156, 'vmx-11', 'Guest Tools Running', 'Guest Tools Unmanaged', '11.3.5'),
('Lnxsvr05153', 'Cluster_060', 'vCenter_003', 1, 'SUSE Linux Enterprise 12 (64-bit)', '10.89.60.137', 4, 8, 156, 'vmx-11', 'Guest Tools Running', 'Guest Tools Unmanaged', '11.3.5'),
('Lnxsvr05154', 'Cluster_060', 'vCenter_003', 1, 'SUSE Linux Enterprise 12 (64-bit)', '10.89.60.138', 4, 8, 156, 'vmx-11', 'Guest Tools Running', 'Guest Tools Unmanaged', '11.3.5'),
('Lnxsvr05155', 'Cluster_061', 'vCenter_003', 1, 'SUSE Linux Enterprise 12 (64-bit)', '10.89.28.190', 4, 8, 156, 'vmx-11', 'Guest Tools Running', 'Guest Tools Unmanaged', '11.3.5'),
('Lnxsvr05156', 'Cluster_061', 'vCenter_003', 1, 'SUSE Linux Enterprise 12 (64-bit)', '10.89.28.191', 4, 8, 156, 'vmx-11', 'Guest Tools Running', 'Guest Tools Unmanaged', '11.3.5'),
('Lnxsvr05157', 'Cluster_062', 'vCenter_003', 1, 'SUSE Linux Enterprise 12 (64-bit)', '10.48.52.139', 4, 8, 156, 'vmx-11', 'Guest Tools Running', 'Guest Tools Unmanaged', '11.3.5'),
('Lnxsvr05158', 'Cluster_062', 'vCenter_003', 1, 'SUSE Linux Enterprise 12 (64-bit)', '10.48.52.140', 4, 8, 156, 'vmx-11', 'Guest Tools Running', 'Guest Tools Unmanaged', '11.3.5'),
('Lnxsvr05159', 'Cluster_049', 'vCenter_002', 1, 'SUSE Linux Enterprise 12 (64-bit)', '10.81.217.31', 4, 8, 156, 'vmx-11', 'Guest Tools Running', 'Guest Tools Unmanaged', '11.3.5'),
('Lnxsvr05160', 'Cluster_049', 'vCenter_002', 1, 'SUSE Linux Enterprise 12 (64-bit)', '10.81.217.32', 4, 8, 156, 'vmx-11', 'Guest Tools Running', 'Guest Tools Unmanaged', '11.3.5'),
('Lnxsvr05161', 'Cluster_063', 'vCenter_003', 1, 'SUSE Linux Enterprise 12 (64-bit)', '10.69.52.147', 4, 8, 156, 'vmx-11', 'Guest Tools Running', 'Guest Tools Unmanaged', '11.3.5'),
('Lnxsvr05162', 'Cluster_063', 'vCenter_003', 1, 'SUSE Linux Enterprise 12 (64-bit)', '10.69.52.148', 4, 8, 156, 'vmx-11', 'Guest Tools Running', 'Guest Tools Unmanaged', '11.3.5'),
('Lnxsvr05163', 'Cluster_010', 'vCenter_001', 1, 'SUSE Linux Enterprise 12 (64-bit)', '10.69.60.133', 4, 8, 156, 'vmx-11', 'Guest Tools Running', 'Guest Tools Unmanaged', '11.3.5'),
('Lnxsvr05164', 'Cluster_010', 'vCenter_001', 1, 'SUSE Linux Enterprise 12 (64-bit)', '10.69.60.134', 4, 8, 156, 'vmx-11', 'Guest Tools Running', 'Guest Tools Unmanaged', '11.3.5'),
('Lnxsvr05165', 'Cluster_064', 'vCenter_003', 1, 'SUSE Linux Enterprise 12 (64-bit)', '10.82.52.152', 4, 8, 156, 'vmx-11', 'Guest Tools Running', 'Guest Tools Unmanaged', '11.3.5'),
('Lnxsvr05166', 'Cluster_064', 'vCenter_003', 1, 'SUSE Linux Enterprise 12 (64-bit)', '10.82.52.153', 4, 8, 156, 'vmx-11', 'Guest Tools Running', 'Guest Tools Unmanaged', '11.3.5'),
('Lnxsvr05167', 'Cluster_065', 'vCenter_003', 1, 'SUSE Linux Enterprise 12 (64-bit)', '10.69.124.162', 4, 8, 156, 'vmx-11', 'Guest Tools Running', 'Guest Tools Unmanaged', '11.3.5'),
('Lnxsvr05168', 'Cluster_065', 'vCenter_003', 1, 'SUSE Linux Enterprise 12 (64-bit)', '10.69.124.163', 4, 8, 156, 'vmx-11', 'Guest Tools Running', 'Guest Tools Unmanaged', '11.3.5'),
('Lnxsvr05169', 'Cluster_011', 'vCenter_001', 1, 'SUSE Linux Enterprise 12 (64-bit)', '10.30.220.224', 4, 8, 156, 'vmx-11', 'Guest Tools Running', 'Guest Tools Unmanaged', '11.3.5'),
('Lnxsvr05170', 'Cluster_011', 'vCenter_001', 1, 'SUSE Linux Enterprise 12 (64-bit)', '10.30.220.226', 4, 8, 156, 'vmx-11', 'Guest Tools Running', 'Guest Tools Unmanaged', '11.3.5'),
('Lnxsvr05171', 'Cluster_066', 'vCenter_003', 1, 'SUSE Linux Enterprise 12 (64-bit)', '10.197.28.145', 4, 8, 156, 'vmx-11', 'Guest Tools Running', 'Guest Tools Unmanaged', '11.3.5'),
('Lnxsvr05172', 'Cluster_066', 'vCenter_003', 1, 'SUSE Linux Enterprise 12 (64-bit)', '10.197.28.146', 4, 8, 156, 'vmx-11', 'Guest Tools Running', 'Guest Tools Unmanaged', '11.3.5'),
('Lnxsvr05173', 'Cluster_067', 'vCenter_003', 1, 'SUSE Linux Enterprise 12 (64-bit)', '10.197.76.130', 4, 8, 156, 'vmx-11', 'Guest Tools Running', 'Guest Tools Unmanaged', '11.3.5'),
('Lnxsvr05174', 'Cluster_067', 'vCenter_003', 1, 'SUSE Linux Enterprise 12 (64-bit)', '10.197.76.131', 4, 8, 156, 'vmx-11', 'Guest Tools Running', 'Guest Tools Unmanaged', '11.3.5'),
('Lnxsvr05175', 'Cluster_068', 'vCenter_003', 1, 'SUSE Linux Enterprise 12 (64-bit)', '10.72.8.136', 4, 8, 156, 'vmx-11', 'Guest Tools Running', 'Guest Tools Unmanaged', '11.3.5'),
('Lnxsvr05176', 'Cluster_068', 'vCenter_003', 1, 'SUSE Linux Enterprise 12 (64-bit)', '10.72.8.137', 4, 8, 156, 'vmx-11', 'Guest Tools Running', 'Guest Tools Unmanaged', '11.3.5'),
('Lnxsvr05177', 'Cluster_012', 'vCenter_001', 1, 'SUSE Linux Enterprise 12 (64-bit)', '10.72.132.134', 4, 8, 156, 'vmx-11', 'Guest Tools Running', 'Guest Tools Unmanaged', '11.3.5'),
('Lnxsvr05178', 'Cluster_012', 'vCenter_001', 1, 'SUSE Linux Enterprise 12 (64-bit)', '10.72.132.135', 4, 8, 156, 'vmx-11', 'Guest Tools Running', 'Guest Tools Unmanaged', '11.3.5'),
('Lnxsvr05179', 'Cluster_013', 'vCenter_001', 1, 'SUSE Linux Enterprise 12 (64-bit)', '10.72.140.156', 4, 8, 156, 'vmx-11', 'Guest Tools Running', 'Guest Tools Unmanaged', '11.3.5'),
('Lnxsvr05180', 'Cluster_013', 'vCenter_001', 1, 'SUSE Linux Enterprise 12 (64-bit)', '10.72.140.157', 4, 8, 156, 'vmx-11', 'Guest Tools Running', 'Guest Tools Unmanaged', '11.3.5'),
('Lnxsvr05181', 'Cluster_014', 'vCenter_001', 1, 'SUSE Linux Enterprise 12 (64-bit)', '10.72.148.128', 4, 8, 156, 'vmx-11', 'Guest Tools Running', 'Guest Tools Unmanaged', '11.3.5'),
('Lnxsvr05182', 'Cluster_014', 'vCenter_001', 1, 'SUSE Linux Enterprise 12 (64-bit)', '10.72.148.129', 4, 8, 156, 'vmx-11', 'Guest Tools Running', 'Guest Tools Unmanaged', '11.3.5'),
('Lnxsvr05183', 'Cluster_015', 'vCenter_001', 1, 'SUSE Linux Enterprise 12 (64-bit)', '10.84.188.169', 4, 8, 156, 'vmx-11', 'Guest Tools Running', 'Guest Tools Unmanaged', '11.3.5'),
('Lnxsvr05184', 'Cluster_015', 'vCenter_001', 1, 'SUSE Linux Enterprise 12 (64-bit)', '10.84.188.170', 4, 8, 156, 'vmx-11', 'Guest Tools Running', 'Guest Tools Unmanaged', '11.3.5'),
('Lnxsvr05185', 'Cluster_016', 'vCenter_001', 1, 'SUSE Linux Enterprise 12 (64-bit)', '10.84.196.149', 4, 8, 156, 'vmx-11', 'Guest Tools Running', 'Guest Tools Unmanaged', '11.3.5'),
('Lnxsvr05186', 'Cluster_016', 'vCenter_001', 1, 'SUSE Linux Enterprise 12 (64-bit)', '10.84.196.150', 4, 8, 156, 'vmx-11', 'Guest Tools Running', 'Guest Tools Unmanaged', '11.3.5'),
('Lnxsvr05187', 'Cluster_017', 'vCenter_001', 1, 'SUSE Linux Enterprise 12 (64-bit)', '10.72.164.138', 4, 8, 156, 'vmx-11', 'Guest Tools Running', 'Guest Tools Unmanaged', '11.3.5'),
('Lnxsvr05188', 'Cluster_017', 'vCenter_001', 1, 'SUSE Linux Enterprise 12 (64-bit)', '10.72.164.139', 4, 8, 156, 'vmx-11', 'Guest Tools Running', 'Guest Tools Unmanaged', '11.3.5'),
('Lnxsvr05189', 'Cluster_018', 'vCenter_001', 1, 'SUSE Linux Enterprise 12 (64-bit)', '10.84.204.151', 4, 8, 156, 'vmx-11', 'Guest Tools Running', 'Guest Tools Unmanaged', '11.3.5'),
('Lnxsvr05190', 'Cluster_018', 'vCenter_001', 1, 'SUSE Linux Enterprise 12 (64-bit)', '10.84.204.152', 4, 8, 156, 'vmx-11', 'Guest Tools Running', 'Guest Tools Unmanaged', '11.3.5'),
('Lnxsvr05191', 'Cluster_019', 'vCenter_001', 1, 'SUSE Linux Enterprise 12 (64-bit)', '10.72.180.133', 4, 8, 156, 'vmx-11', 'Guest Tools Running', 'Guest Tools Unmanaged', '11.3.5'),
('Lnxsvr05192', 'Cluster_019', 'vCenter_001', 1, 'SUSE Linux Enterprise 12 (64-bit)', '10.72.180.134', 4, 8, 156, 'vmx-11', 'Guest Tools Running', 'Guest Tools Unmanaged', '11.3.5'),
('Lnxsvr05193', 'Cluster_069', 'vCenter_003', 1, 'SUSE Linux Enterprise 12 (64-bit)', '10.60.12.124', 4, 8, 156, 'vmx-11', 'Guest Tools Running', 'Guest Tools Unmanaged', '11.3.5'),
('Lnxsvr05194', 'Cluster_069', 'vCenter_003', 1, 'SUSE Linux Enterprise 12 (64-bit)', '10.60.12.125', 4, 8, 156, 'vmx-11', 'Guest Tools Running', 'Guest Tools Unmanaged', '11.3.5'),
('Lnxsvr05195', 'Cluster_020', 'vCenter_001', 1, 'SUSE Linux Enterprise 12 (64-bit)', '10.76.188.133', 4, 8, 156, 'vmx-11', 'Guest Tools Running', 'Guest Tools Unmanaged', '11.3.5'),
('Lnxsvr05196', 'Cluster_020', 'vCenter_001', 1, 'SUSE Linux Enterprise 12 (64-bit)', '10.76.188.134', 4, 8, 156, 'vmx-11', 'Guest Tools Running', 'Guest Tools Unmanaged', '11.3.5'),
('Lnxsvr05197', 'Cluster_070', 'vCenter_003', 1, 'SUSE Linux Enterprise 12 (64-bit)', '10.195.164.135', 4, 8, 156, 'vmx-11', 'Guest Tools Running', 'Guest Tools Unmanaged', '11.3.5'),
('Lnxsvr05198', 'Cluster_070', 'vCenter_003', 1, 'SUSE Linux Enterprise 12 (64-bit)', '10.195.164.136', 4, 8, 156, 'vmx-11', 'Guest Tools Running', 'Guest Tools Unmanaged', '11.3.5'),
('Lnxsvr05199', 'Cluster_071', 'vCenter_003', 1, 'SUSE Linux Enterprise 12 (64-bit)', '10.195.172.163', 4, 8, 156, 'vmx-11', 'Guest Tools Running', 'Guest Tools Unmanaged', '11.3.5'),
('Lnxsvr05200', 'Cluster_071', 'vCenter_003', 1, 'SUSE Linux Enterprise 12 (64-bit)', '10.195.172.164', 4, 8, 156, 'vmx-11', 'Guest Tools Running', 'Guest Tools Unmanaged', '11.3.5'),
('Lnxsvr05201', 'Cluster_072', 'vCenter_003', 1, 'SUSE Linux Enterprise 12 (64-bit)', '10.195.196.135', 4, 8, 156, 'vmx-11', 'Guest Tools Running', 'Guest Tools Unmanaged', '11.3.5'),
('Lnxsvr05202', 'Cluster_072', 'vCenter_003', 1, 'SUSE Linux Enterprise 12 (64-bit)', '10.195.196.136', 4, 8, 156, 'vmx-11', 'Guest Tools Running', 'Guest Tools Unmanaged', '11.3.5'),
('Lnxsvr05203', 'Cluster_073', 'vCenter_003', 1, 'SUSE Linux Enterprise 12 (64-bit)', '10.195.204.129', 4, 8, 156, 'vmx-11', 'Guest Tools Running', 'Guest Tools Unmanaged', '11.3.5'),
('Lnxsvr05204', 'Cluster_073', 'vCenter_003', 1, 'SUSE Linux Enterprise 12 (64-bit)', '10.195.204.130', 4, 8, 156, 'vmx-11', 'Guest Tools Running', 'Guest Tools Unmanaged', '11.3.5'),
('Lnxsvr05205', 'Cluster_074', 'vCenter_003', 1, 'SUSE Linux Enterprise 12 (64-bit)', '10.195.228.139', 4, 8, 156, 'vmx-11', 'Guest Tools Running', 'Guest Tools Unmanaged', '11.3.5'),
('Lnxsvr05206', 'Cluster_074', 'vCenter_003', 1, 'SUSE Linux Enterprise 12 (64-bit)', '10.195.228.140', 4, 8, 156, 'vmx-11', 'Guest Tools Running', 'Guest Tools Unmanaged', '11.3.5'),
('Lnxsvr05207', 'Cluster_075', 'vCenter_003', 1, 'SUSE Linux Enterprise 12 (64-bit)', '10.16.44.144', 4, 8, 156, 'vmx-11', 'Guest Tools Running', 'Guest Tools Unmanaged', '11.3.5'),
('Lnxsvr05208', 'Cluster_075', 'vCenter_003', 1, 'SUSE Linux Enterprise 12 (64-bit)', '10.16.44.145', 4, 8, 156, 'vmx-11', 'Guest Tools Running', 'Guest Tools Unmanaged', '11.3.5'),
('Lnxsvr05209', 'Cluster_021', 'vCenter_001', 1, 'SUSE Linux Enterprise 12 (64-bit)', '10.16.148.125', 4, 8, 156, 'vmx-11', 'Guest Tools Running', 'Guest Tools Unmanaged', '11.3.5'),
('Lnxsvr05210', 'Cluster_021', 'vCenter_001', 1, 'SUSE Linux Enterprise 12 (64-bit)', '10.16.148.126', 4, 8, 156, 'vmx-11', 'Guest Tools Running', 'Guest Tools Unmanaged', '11.3.5'),
('Lnxsvr05211', 'Cluster_076', 'vCenter_003', 1, 'SUSE Linux Enterprise 12 (64-bit)', '10.93.92.141', 4, 8, 156, 'vmx-11', 'Guest Tools Running', 'Guest Tools Unmanaged', '11.3.5'),
('Lnxsvr05212', 'Cluster_076', 'vCenter_003', 1, 'SUSE Linux Enterprise 12 (64-bit)', '10.93.92.142', 4, 8, 156, 'vmx-11', 'Guest Tools Running', 'Guest Tools Unmanaged', '11.3.5'),
('Lnxsvr05213', 'Cluster_022', 'vCenter_001', 1, 'SUSE Linux Enterprise 12 (64-bit)', '10.40.239.18', 4, 8, 156, 'vmx-11', 'Guest Tools Running', 'Guest Tools Unmanaged', '11.3.5'),
('Lnxsvr05214', 'Cluster_022', 'vCenter_001', 1, 'SUSE Linux Enterprise 12 (64-bit)', '10.40.239.19', 4, 8, 156, 'vmx-11', 'Guest Tools Running', 'Guest Tools Unmanaged', '11.3.5'),
('Lnxsvr05215', 'Cluster_023', 'vCenter_001', 1, 'SUSE Linux Enterprise 12 (64-bit)', '10.55.28.143', 4, 8, 156, 'vmx-11', 'Guest Tools Running', 'Guest Tools Unmanaged', '11.3.5'),
('Lnxsvr05216', 'Cluster_023', 'vCenter_001', 1, 'SUSE Linux Enterprise 12 (64-bit)', '10.55.28.144', 4, 8, 156, 'vmx-11', 'Guest Tools Running', 'Guest Tools Unmanaged', '11.3.5'),
('Lnxsvr05217', 'Cluster_077', 'vCenter_003', 1, 'SUSE Linux Enterprise 12 (64-bit)', '10.16.16.175', 4, 8, 156, 'vmx-11', 'Guest Tools Running', 'Guest Tools Unmanaged', '11.3.5'),
('Lnxsvr05218', 'Cluster_077', 'vCenter_003', 1, 'SUSE Linux Enterprise 12 (64-bit)', '10.16.16.176', 4, 8, 156, 'vmx-11', 'Guest Tools Running', 'Guest Tools Unmanaged', '11.3.5'),
('Lnxsvr05219', 'Cluster_050', 'vCenter_002', 1, 'SUSE Linux Enterprise 12 (64-bit)', '10.49.32.134', 4, 8, 156, 'vmx-11', 'Guest Tools Running', 'Guest Tools Unmanaged', '11.3.5'),
('Lnxsvr05220', 'Cluster_050', 'vCenter_002', 1, 'SUSE Linux Enterprise 12 (64-bit)', '10.49.32.135', 4, 8, 156, 'vmx-11', 'Guest Tools Running', 'Guest Tools Unmanaged', '11.3.5'),
('Lnxsvr05221', 'Cluster_024', 'vCenter_001', 1, 'SUSE Linux Enterprise 12 (64-bit)', '10.74.20.152', 4, 8, 156, 'vmx-11', 'Guest Tools Running', 'Guest Tools Unmanaged', '11.3.5'),
('Lnxsvr05222', 'Cluster_024', 'vCenter_001', 1, 'SUSE Linux Enterprise 12 (64-bit)', '10.74.20.153', 4, 8, 156, 'vmx-11', 'Guest Tools Running', 'Guest Tools Unmanaged', '11.3.5'),
('Lnxsvr05223', 'Cluster_025', 'vCenter_001', 1, 'SUSE Linux Enterprise 12 (64-bit)', '10.74.36.138', 4, 8, 156, 'vmx-11', 'Guest Tools Running', 'Guest Tools Unmanaged', '11.3.5'),
('Lnxsvr05224', 'Cluster_025', 'vCenter_001', 1, 'SUSE Linux Enterprise 12 (64-bit)', '10.74.36.139', 4, 8, 156, 'vmx-11', 'Guest Tools Running', 'Guest Tools Unmanaged', '11.3.5'),
('Lnxsvr05225', 'Cluster_026', 'vCenter_001', 1, 'SUSE Linux Enterprise 12 (64-bit)', '10.74.44.130', 4, 8, 156, 'vmx-11', 'Guest Tools Running', 'Guest Tools Unmanaged', '11.3.5'),
('Lnxsvr05226', 'Cluster_026', 'vCenter_001', 1, 'SUSE Linux Enterprise 12 (64-bit)', '10.74.44.131', 4, 8, 156, 'vmx-11', 'Guest Tools Running', 'Guest Tools Unmanaged', '11.3.5'),
('Lnxsvr05227', 'Cluster_051', 'vCenter_002', 1, 'SUSE Linux Enterprise 12 (64-bit)', '10.187.10.39', 4, 8, 156, 'vmx-11', 'Guest Tools Running', 'Guest Tools Unmanaged', '11.3.5'),
('Lnxsvr05228', 'Cluster_051', 'vCenter_002', 1, 'SUSE Linux Enterprise 12 (64-bit)', '10.187.10.40', 4, 8, 156, 'vmx-11', 'Guest Tools Running', 'Guest Tools Unmanaged', '11.3.5'),
('Lnxsvr05229', 'Cluster_078', 'vCenter_003', 1, 'SUSE Linux Enterprise 12 (64-bit)', '10.194.28.159', 4, 8, 156, 'vmx-11', 'Guest Tools Running', 'Guest Tools Unmanaged', '11.3.5'),
('Lnxsvr05230', 'Cluster_078', 'vCenter_003', 1, 'SUSE Linux Enterprise 12 (64-bit)', '10.194.28.160', 4, 8, 156, 'vmx-11', 'Guest Tools Running', 'Guest Tools Unmanaged', '11.3.5'),
('Lnxsvr05231', 'Cluster_079', 'vCenter_003', 1, 'SUSE Linux Enterprise 12 (64-bit)', '10.63.220.143', 4, 8, 156, 'vmx-11', 'Guest Tools Running', 'Guest Tools Unmanaged', '11.3.5'),
('Lnxsvr05232', 'Cluster_079', 'vCenter_003', 1, 'SUSE Linux Enterprise 12 (64-bit)', '10.63.220.144', 4, 8, 156, 'vmx-11', 'Guest Tools Running', 'Guest Tools Unmanaged', '11.3.5'),
('Lnxsvr05233', 'Cluster_052', 'vCenter_002', 1, 'SUSE Linux Enterprise 12 (64-bit)', '10.42.44.141', 4, 8, 156, 'vmx-11', 'Guest Tools Running', 'Guest Tools Unmanaged', '11.3.5'),
('Lnxsvr05234', 'Cluster_052', 'vCenter_002', 1, 'SUSE Linux Enterprise 12 (64-bit)', '10.42.44.142', 4, 8, 156, 'vmx-11', 'Guest Tools Running', 'Guest Tools Unmanaged', '11.3.5'),
('Lnxsvr05235', 'Cluster_053', 'vCenter_002', 1, 'SUSE Linux Enterprise 12 (64-bit)', '10.196.33.212', 4, 8, 156, 'vmx-11', 'Guest Tools Running', 'Guest Tools Unmanaged', '11.3.5'),
('Lnxsvr05236', 'Cluster_053', 'vCenter_002', 1, 'SUSE Linux Enterprise 12 (64-bit)', '10.196.33.213', 4, 8, 156, 'vmx-11', 'Guest Tools Running', 'Guest Tools Unmanaged', '11.3.5'),
('Lnxsvr05237', 'Cluster_034', 'vCenter_002', 1, 'Ubuntu Linux (64-bit)', '10.47.0.100', 4, 8, 122, 'vmx-09', 'Guest Tools Running', 'Guest Tools Unmanaged', '11.3.0'),
('Lnxsvr05238', 'Cluster_001', 'vCenter_001', 1, 'Ubuntu Linux (64-bit)', '10.50.0.100', 4, 8, 122, 'vmx-09', 'Guest Tools Running', 'Guest Tools Unmanaged', '11.3.0'),
('Lnxsvr05239', 'Cluster_027', 'vCenter_002', 1, 'SUSE Linux Enterprise 15 (64-bit)', '10.65.20.131', 4, 16, 288, 'vmx-13', 'Guest Tools Running', 'Guest Tools Unmanaged', '11.3.5'),
('Lnxsvr05240', 'Cluster_028', 'vCenter_002', 1, 'SUSE Linux Enterprise 15 (64-bit)', '10.65.52.149', 4, 16, 288, 'vmx-13', 'Guest Tools Running', 'Guest Tools Unmanaged', '11.3.5'),
('Lnxsvr05241', 'Cluster_029', 'vCenter_002', 1, 'SUSE Linux Enterprise 15 (64-bit)', '10.65.68.136', 4, 16, 288, 'vmx-13', 'Guest Tools Running', 'Guest Tools Unmanaged', '11.3.5'),
('Lnxsvr05242', 'Cluster_030', 'vCenter_002', 1, 'SUSE Linux Enterprise 15 (64-bit)', '10.56.31.224', 4, 16, 288, 'vmx-13', 'Guest Tools Running', 'Guest Tools Unmanaged', '11.3.5'),
('Lnxsvr05243', 'Cluster_031', 'vCenter_002', 0, 'none', 'none', 4, 16, 288, 'vmx-13', 'Guest Tools Not Running', 'Guest Tools Unmanaged', '11365'),
('Lnxsvr05244', 'Cluster_032', 'vCenter_002', 1, 'SUSE Linux Enterprise 15 (64-bit)', '10.86.81.42', 4, 16, 288, 'vmx-13', 'Guest Tools Running', 'Guest Tools Unmanaged', '11.3.5'),
('Lnxsvr05245', 'Cluster_033', 'vCenter_002', 1, 'SUSE Linux Enterprise 15 (64-bit)', '10.87.47.176', 4, 16, 288, 'vmx-13', 'Guest Tools Running', 'Guest Tools Unmanaged', '11.3.5'),
('Lnxsvr05246', 'Cluster_034', 'vCenter_002', 1, 'SUSE Linux Enterprise 15 (64-bit)', '10.47.114.38', 4, 16, 288, 'vmx-13', 'Guest Tools Running', 'Guest Tools Unmanaged', '11.3.5'),
('Lnxsvr05247', 'Cluster_001', 'vCenter_001', 1, 'SUSE Linux Enterprise 15 (64-bit)', '10.50.242.116', 4, 16, 288, 'vmx-13', 'Guest Tools Running', 'Guest Tools Unmanaged', '11.3.5'),
('Lnxsvr05248', 'Cluster_002', 'vCenter_001', 1, 'SUSE Linux Enterprise 15 (64-bit)', '10.190.188.135', 4, 16, 288, 'vmx-13', 'Guest Tools Running', 'Guest Tools Unmanaged', '11.3.5'),
('Lnxsvr05249', 'Cluster_003', 'vCenter_001', 1, 'SUSE Linux Enterprise 15 (64-bit)', '10.70.188.153', 4, 16, 288, 'vmx-13', 'Guest Tools Running', 'Guest Tools Unmanaged', '11.3.5'),
('Lnxsvr05250', 'Cluster_004', 'vCenter_001', 1, 'SUSE Linux Enterprise 15 (64-bit)', '10.87.180.248', 4, 16, 288, 'vmx-13', 'Guest Tools Running', 'Guest Tools Unmanaged', '11.3.5'),
('Lnxsvr05251', 'Cluster_005', 'vCenter_001', 1, 'SUSE Linux Enterprise 15 (64-bit)', '10.191.239.168', 4, 16, 288, 'vmx-13', 'Guest Tools Running', 'Guest Tools Unmanaged', '11.3.5'),
('Lnxsvr05252', 'Cluster_006', 'vCenter_001', 1, 'SUSE Linux Enterprise 15 (64-bit)', '10.177.60.204', 4, 16, 288, 'vmx-13', 'Guest Tools Running', 'Guest Tools Unmanaged', '11.3.5'),
('Lnxsvr05253', 'Cluster_054', 'vCenter_003', 1, 'SUSE Linux Enterprise 15 (64-bit)', '10.177.44.177', 4, 16, 288, 'vmx-13', 'Guest Tools Running', 'Guest Tools Unmanaged', '11.3.5'),
('Lnxsvr05254', 'Cluster_007', 'vCenter_001', 1, 'SUSE Linux Enterprise 15 (64-bit)', '10.191.223.224', 4, 16, 288, 'vmx-13', 'Guest Tools Running', 'Guest Tools Unmanaged', '11.3.5'),
('Lnxsvr05255', 'Cluster_055', 'vCenter_003', 1, 'SUSE Linux Enterprise 15 (64-bit)', '10.70.212.142', 4, 16, 288, 'vmx-13', 'Guest Tools Running', 'Guest Tools Unmanaged', '11.3.5'),
('Lnxsvr05256', 'Cluster_035', 'vCenter_002', 1, 'SUSE Linux Enterprise 15 (64-bit)', '10.29.172.229', 4, 16, 288, 'vmx-13', 'Guest Tools Running', 'Guest Tools Unmanaged', '11.3.5'),
('Lnxsvr05257', 'Cluster_036', 'vCenter_002', 1, 'SUSE Linux Enterprise 15 (64-bit)', '10.80.159.224', 4, 16, 288, 'vmx-13', 'Guest Tools Running', 'Guest Tools Unmanaged', '11.3.5'),
('Lnxsvr05258', 'Cluster_037', 'vCenter_002', 1, 'SUSE Linux Enterprise 15 (64-bit)', '10.79.148.159', 4, 16, 288, 'vmx-13', 'Guest Tools Running', 'Guest Tools Unmanaged', '11.3.5'),
('Lnxsvr05259', 'Cluster_038', 'vCenter_002', 1, 'SUSE Linux Enterprise 15 (64-bit)', '10.79.172.165', 4, 16, 288, 'vmx-13', 'Guest Tools Running', 'Guest Tools Unmanaged', '11.3.5'),
('Lnxsvr05260', 'Cluster_039', 'vCenter_002', 1, 'SUSE Linux Enterprise 15 (64-bit)', '10.36.40.175', 4, 16, 288, 'vmx-13', 'Guest Tools Running', 'Guest Tools Unmanaged', '11.3.5'),
('Lnxsvr05261', 'Cluster_040', 'vCenter_002', 1, 'SUSE Linux Enterprise 15 (64-bit)', '10.18.188.211', 4, 16, 288, 'vmx-13', 'Guest Tools Running', 'Guest Tools Unmanaged', '11.3.5'),
('Lnxsvr05262', 'Cluster_008', 'vCenter_001', 1, 'SUSE Linux Enterprise 15 (64-bit)', '10.19.104.135', 4, 16, 288, 'vmx-13', 'Guest Tools Running', 'Guest Tools Unmanaged', '11.3.5'),
('Lnxsvr05263', 'Cluster_041', 'vCenter_002', 1, 'SUSE Linux Enterprise 15 (64-bit)', '10.18.148.141', 4, 16, 288, 'vmx-13', 'Guest Tools Running', 'Guest Tools Unmanaged', '11.3.5'),
('Lnxsvr05264', 'Cluster_042', 'vCenter_002', 1, 'SUSE Linux Enterprise 15 (64-bit)', '10.19.16.214', 4, 16, 288, 'vmx-13', 'Guest Tools Running', 'Guest Tools Unmanaged', '11.3.5'),
('Lnxsvr05265', 'Cluster_043', 'vCenter_002', 1, 'SUSE Linux Enterprise 15 (64-bit)', '10.23.208.139', 4, 16, 288, 'vmx-13', 'Guest Tools Running', 'Guest Tools Unmanaged', '11.3.5'),
('Lnxsvr05266', 'Cluster_044', 'vCenter_002', 1, 'SUSE Linux Enterprise 15 (64-bit)', '10.24.88.126', 4, 16, 288, 'vmx-13', 'Guest Tools Running', 'Guest Tools Unmanaged', '11.3.5'),
('Lnxsvr05267', 'Cluster_045', 'vCenter_002', 1, 'SUSE Linux Enterprise 15 (64-bit)', '10.19.158.239', 4, 16, 288, 'vmx-13', 'Guest Tools Running', 'Guest Tools Unmanaged', '11.3.5'),
('Lnxsvr05268', 'Cluster_046', 'vCenter_002', 1, 'SUSE Linux Enterprise 15 (64-bit)', '10.42.120.247', 4, 16, 288, 'vmx-13', 'Guest Tools Running', 'Guest Tools Unmanaged', '11.3.5'),
('Lnxsvr05269', 'Cluster_009', 'vCenter_001', 1, 'SUSE Linux Enterprise 15 (64-bit)', '10.52.220.184', 4, 16, 288, 'vmx-13', 'Guest Tools Running', 'Guest Tools Unmanaged', '11.3.5'),
('Lnxsvr05270', 'Cluster_047', 'vCenter_002', 1, 'SUSE Linux Enterprise 15 (64-bit)', '10.51.40.244', 4, 16, 288, 'vmx-13', 'Guest Tools Running', 'Guest Tools Unmanaged', '11.3.5'),
('Lnxsvr05271', 'Cluster_056', 'vCenter_003', 1, 'SUSE Linux Enterprise 15 (64-bit)', '10.42.152.247', 4, 16, 288, 'vmx-13', 'Guest Tools Running', 'Guest Tools Unmanaged', '11.3.5'),
('Lnxsvr05272', 'Cluster_057', 'vCenter_003', 1, 'SUSE Linux Enterprise 15 (64-bit)', '10.51.60.133', 4, 16, 288, 'vmx-13', 'Guest Tools Running', 'Guest Tools Unmanaged', '11.3.5'),
('Lnxsvr05273', 'Cluster_058', 'vCenter_003', 0, 'none', 'none', 4, 16, 288, 'vmx-13', 'Guest Tools Not Running', 'Guest Tools Unmanaged', '11.3.5'),
('Lnxsvr05274', 'Cluster_059', 'vCenter_003', 1, 'SUSE Linux Enterprise 15 (64-bit)', '10.89.84.156', 4, 16, 288, 'vmx-13', 'Guest Tools Running', 'Guest Tools Unmanaged', '11.3.5'),
('Lnxsvr05275', 'Cluster_048', 'vCenter_002', 1, 'SUSE Linux Enterprise 15 (64-bit)', '10.89.172.151', 4, 16, 288, 'vmx-13', 'Guest Tools Running', 'Guest Tools Unmanaged', '11.3.5'),
('Lnxsvr05276', 'Cluster_060', 'vCenter_003', 1, 'SUSE Linux Enterprise 15 (64-bit)', '10.89.60.135', 4, 16, 288, 'vmx-13', 'Guest Tools Running', 'Guest Tools Unmanaged', '11.3.5'),
('Lnxsvr05277', 'Cluster_061', 'vCenter_003', 1, 'SUSE Linux Enterprise 15 (64-bit)', '10.89.28.188', 4, 16, 288, 'vmx-13', 'Guest Tools Running', 'Guest Tools Unmanaged', '11.3.5'),
('Lnxsvr05278', 'Cluster_062', 'vCenter_003', 1, 'SUSE Linux Enterprise 15 (64-bit)', '10.48.52.137', 4, 16, 288, 'vmx-13', 'Guest Tools Running', 'Guest Tools Unmanaged', '11.3.5'),
('Lnxsvr05279', 'Cluster_049', 'vCenter_002', 1, 'SUSE Linux Enterprise 15 (64-bit)', '10.81.217.29', 4, 16, 288, 'vmx-13', 'Guest Tools Running', 'Guest Tools Unmanaged', '11.3.5'),
('Lnxsvr05280', 'Cluster_063', 'vCenter_003', 1, 'SUSE Linux Enterprise 15 (64-bit)', '10.69.52.145', 4, 16, 288, 'vmx-13', 'Guest Tools Running', 'Guest Tools Unmanaged', '11.3.5'),
('Lnxsvr05281', 'Cluster_010', 'vCenter_001', 1, 'SUSE Linux Enterprise 15 (64-bit)', '10.69.60.131', 4, 16, 288, 'vmx-13', 'Guest Tools Running', 'Guest Tools Unmanaged', '11.3.5'),
('Lnxsvr05282', 'Cluster_064', 'vCenter_003', 1, 'SUSE Linux Enterprise 15 (64-bit)', '10.82.52.150', 4, 16, 288, 'vmx-13', 'Guest Tools Running', 'Guest Tools Unmanaged', '11.3.5'),
('Lnxsvr05283', 'Cluster_065', 'vCenter_003', 1, 'SUSE Linux Enterprise 15 (64-bit)', '10.69.124.160', 4, 16, 288, 'vmx-13', 'Guest Tools Running', 'Guest Tools Unmanaged', '11.3.5'),
('Lnxsvr05284', 'Cluster_011', 'vCenter_001', 1, 'SUSE Linux Enterprise 15 (64-bit)', '10.30.220.181', 4, 16, 288, 'vmx-13', 'Guest Tools Running', 'Guest Tools Unmanaged', '11.3.5'),
('Lnxsvr05285', 'Cluster_066', 'vCenter_003', 1, 'SUSE Linux Enterprise 15 (64-bit)', '10.197.28.143', 4, 16, 288, 'vmx-13', 'Guest Tools Running', 'Guest Tools Unmanaged', '11.3.5'),
('Lnxsvr05286', 'Cluster_067', 'vCenter_003', 1, 'SUSE Linux Enterprise 15 (64-bit)', '10.197.76.128', 4, 16, 288, 'vmx-13', 'Guest Tools Running', 'Guest Tools Unmanaged', '11.3.5'),
('Lnxsvr05287', 'Cluster_068', 'vCenter_003', 1, 'SUSE Linux Enterprise 15 (64-bit)', '10.72.8.134', 4, 16, 288, 'vmx-13', 'Guest Tools Running', 'Guest Tools Unmanaged', '11.3.5'),
('Lnxsvr05288', 'Cluster_012', 'vCenter_001', 1, 'SUSE Linux Enterprise 15 (64-bit)', '10.72.132.132', 4, 16, 288, 'vmx-13', 'Guest Tools Running', 'Guest Tools Unmanaged', '11.3.5'),
('Lnxsvr05289', 'Cluster_013', 'vCenter_001', 1, 'SUSE Linux Enterprise 15 (64-bit)', '10.72.140.154', 4, 16, 288, 'vmx-13', 'Guest Tools Running', 'Guest Tools Unmanaged', '11.3.5'),
('Lnxsvr05290', 'Cluster_014', 'vCenter_001', 1, 'SUSE Linux Enterprise 15 (64-bit)', '10.72.148.126', 4, 16, 288, 'vmx-13', 'Guest Tools Running', 'Guest Tools Unmanaged', '11.3.5'),
('Lnxsvr05291', 'Cluster_015', 'vCenter_001', 1, 'SUSE Linux Enterprise 15 (64-bit)', '10.84.188.167', 4, 16, 288, 'vmx-13', 'Guest Tools Running', 'Guest Tools Unmanaged', '11.3.5'),
('Lnxsvr05292', 'Cluster_016', 'vCenter_001', 1, 'SUSE Linux Enterprise 15 (64-bit)', '10.84.196.147', 4, 16, 288, 'vmx-13', 'Guest Tools Running', 'Guest Tools Unmanaged', '11.3.5'),
('Lnxsvr05293', 'Cluster_017', 'vCenter_001', 1, 'SUSE Linux Enterprise 15 (64-bit)', '10.72.164.136', 4, 16, 288, 'vmx-13', 'Guest Tools Running', 'Guest Tools Unmanaged', '11.3.5'),
('Lnxsvr05294', 'Cluster_018', 'vCenter_001', 1, 'SUSE Linux Enterprise 15 (64-bit)', '10.84.204.149', 4, 16, 288, 'vmx-13', 'Guest Tools Running', 'Guest Tools Unmanaged', '11.3.5'),
('Lnxsvr05295', 'Cluster_019', 'vCenter_001', 1, 'SUSE Linux Enterprise 15 (64-bit)', '10.72.180.131', 4, 16, 288, 'vmx-13', 'Guest Tools Running', 'Guest Tools Unmanaged', '11.3.5'),
('Lnxsvr05296', 'Cluster_069', 'vCenter_003', 1, 'SUSE Linux Enterprise 15 (64-bit)', '10.60.12.122', 4, 16, 288, 'vmx-13', 'Guest Tools Running', 'Guest Tools Unmanaged', '11.3.5'),
('Lnxsvr05297', 'Cluster_020', 'vCenter_001', 1, 'SUSE Linux Enterprise 15 (64-bit)', '10.76.188.131', 4, 16, 288, 'vmx-13', 'Guest Tools Running', 'Guest Tools Unmanaged', '11.3.5'),
('Lnxsvr05298', 'Cluster_070', 'vCenter_003', 1, 'SUSE Linux Enterprise 15 (64-bit)', '10.195.164.133', 4, 16, 288, 'vmx-13', 'Guest Tools Running', 'Guest Tools Unmanaged', '11.3.5'),
('Lnxsvr05299', 'Cluster_071', 'vCenter_003', 1, 'SUSE Linux Enterprise 15 (64-bit)', '10.195.172.161', 4, 16, 288, 'vmx-13', 'Guest Tools Running', 'Guest Tools Unmanaged', '11.3.5'),
('Lnxsvr05300', 'Cluster_072', 'vCenter_003', 1, 'SUSE Linux Enterprise 15 (64-bit)', '10.195.196.133', 4, 16, 288, 'vmx-13', 'Guest Tools Running', 'Guest Tools Unmanaged', '11.3.5'),
('Lnxsvr05301', 'Cluster_073', 'vCenter_003', 1, 'SUSE Linux Enterprise 15 (64-bit)', '10.195.204.127', 4, 16, 288, 'vmx-13', 'Guest Tools Running', 'Guest Tools Unmanaged', '11.3.5'),
('Lnxsvr05302', 'Cluster_074', 'vCenter_003', 1, 'SUSE Linux Enterprise 15 (64-bit)', '10.195.228.137', 4, 16, 288, 'vmx-13', 'Guest Tools Running', 'Guest Tools Unmanaged', '11.3.5'),
('Lnxsvr05303', 'Cluster_075', 'vCenter_003', 1, 'SUSE Linux Enterprise 15 (64-bit)', '10.16.44.142', 4, 16, 288, 'vmx-13', 'Guest Tools Running', 'Guest Tools Unmanaged', '11.3.5'),
('Lnxsvr05304', 'Cluster_021', 'vCenter_001', 1, 'SUSE Linux Enterprise 15 (64-bit)', '10.16.148.123', 4, 16, 288, 'vmx-13', 'Guest Tools Running', 'Guest Tools Unmanaged', '11.3.5'),
('Lnxsvr05305', 'Cluster_076', 'vCenter_003', 1, 'SUSE Linux Enterprise 15 (64-bit)', '10.93.92.139', 4, 16, 288, 'vmx-13', 'Guest Tools Running', 'Guest Tools Unmanaged', '11.3.5'),
('Lnxsvr05306', 'Cluster_022', 'vCenter_001', 1, 'SUSE Linux Enterprise 15 (64-bit)', '10.40.239.16', 4, 16, 288, 'vmx-13', 'Guest Tools Running', 'Guest Tools Unmanaged', '11.3.5'),
('Lnxsvr05307', 'Cluster_023', 'vCenter_001', 1, 'SUSE Linux Enterprise 15 (64-bit)', '10.55.28.141', 4, 16, 288, 'vmx-13', 'Guest Tools Running', 'Guest Tools Unmanaged', '11.3.5'),
('Lnxsvr05308', 'Cluster_077', 'vCenter_003', 1, 'SUSE Linux Enterprise 15 (64-bit)', '10.16.16.174', 4, 16, 288, 'vmx-13', 'Guest Tools Running', 'Guest Tools Unmanaged', '11.3.5'),
('Lnxsvr05309', 'Cluster_050', 'vCenter_002', 1, 'SUSE Linux Enterprise 15 (64-bit)', '10.49.32.132', 4, 16, 288, 'vmx-13', 'Guest Tools Running', 'Guest Tools Unmanaged', '11.3.5'),
('Lnxsvr05310', 'Cluster_024', 'vCenter_001', 1, 'SUSE Linux Enterprise 15 (64-bit)', '10.74.20.150', 4, 16, 288, 'vmx-13', 'Guest Tools Running', 'Guest Tools Unmanaged', '11.3.5'),
('Lnxsvr05311', 'Cluster_025', 'vCenter_001', 1, 'SUSE Linux Enterprise 15 (64-bit)', '10.74.36.136', 4, 16, 288, 'vmx-13', 'Guest Tools Running', 'Guest Tools Unmanaged', '11.3.5'),
('Lnxsvr05312', 'Cluster_026', 'vCenter_001', 1, 'SUSE Linux Enterprise 15 (64-bit)', '10.74.44.128', 4, 16, 288, 'vmx-13', 'Guest Tools Running', 'Guest Tools Unmanaged', '11.3.5'),
('Lnxsvr05313', 'Cluster_051', 'vCenter_002', 1, 'SUSE Linux Enterprise 15 (64-bit)', '10.187.10.37', 4, 16, 288, 'vmx-13', 'Guest Tools Running', 'Guest Tools Unmanaged', '11.3.5'),
('Lnxsvr05314', 'Cluster_078', 'vCenter_003', 1, 'SUSE Linux Enterprise 15 (64-bit)', '10.194.28.157', 4, 16, 288, 'vmx-13', 'Guest Tools Running', 'Guest Tools Unmanaged', '11.3.5'),
('Lnxsvr05315', 'Cluster_079', 'vCenter_003', 1, 'SUSE Linux Enterprise 15 (64-bit)', '10.63.220.141', 4, 16, 288, 'vmx-13', 'Guest Tools Running', 'Guest Tools Unmanaged', '11.3.5'),
('Lnxsvr05316', 'Cluster_052', 'vCenter_002', 1, 'SUSE Linux Enterprise 15 (64-bit)', '10.42.44.139', 4, 16, 288, 'vmx-13', 'Guest Tools Running', 'Guest Tools Unmanaged', '11.3.5'),
('Lnxsvr05317', 'Cluster_053', 'vCenter_002', 1, 'SUSE Linux Enterprise 15 (64-bit)', '10.196.33.210', 4, 16, 288, 'vmx-13', 'Guest Tools Running', 'Guest Tools Unmanaged', '11.3.5'),
('Lnxsvr05318', 'Cluster_034', 'vCenter_002', 1, 'CentOS 7 (64-bit)', '10.47.0.51', 2, 4, 8, 'vmx-09', 'Guest Tools Running', 'Guest Tools Unmanaged', '10.3.10'),
('Lnxsvr05319', 'Cluster_001', 'vCenter_001', 1, 'CentOS 7 (64-bit)', '10.50.0.51', 2, 4, 8, 'vmx-09', 'Guest Tools Running', 'Guest Tools Unmanaged', '10.3.10'),
('Lnxsvr05320', 'Cluster_043', 'vCenter_002', 1, 'CentOS 7 (64-bit)', '10.23.160.51', 2, 4, 8, 'vmx-09', 'Guest Tools Running', 'Guest Tools Unmanaged', '10.3.10');

-- --------------------------------------------------------

--
-- Table structure for table `tblauthsessions`
--

CREATE TABLE `tblauthsessions` (
  `intAuthID` int(11) NOT NULL,
  `txtSessionKey` varchar(255) DEFAULT NULL,
  `dtExpires` datetime DEFAULT NULL,
  `txtRedir` varchar(255) DEFAULT NULL,
  `txtRefreshToken` text DEFAULT NULL,
  `txtCodeVerifier` varchar(255) DEFAULT NULL,
  `txtToken` text DEFAULT NULL,
  `txtIDToken` text DEFAULT NULL
) ENGINE=InnoDB DEFAULT CHARSET=utf8mb4;

-- --------------------------------------------------------

--
-- Table structure for table `user`
--

CREATE TABLE `user` (
  `userID` int(11) NOT NULL,
  `email` varchar(40) NOT NULL,
  `password` varchar(255) NOT NULL
) ENGINE=InnoDB DEFAULT CHARSET=utf8mb4;

--
-- Dumping data for table `user`
--

INSERT INTO `user` (`userID`, `email`, `password`) VALUES
(1, 'reda@ups.com', '$2y$10$jISaWjYH/IbeSJNCDMGfc.n6D9vJuyiQgJF8sa/MSdc0H01fNHfIa');

-- --------------------------------------------------------

--
-- Table structure for table `vcenter`
--

CREATE TABLE `vcenter` (
  `vCenterName` varchar(12) NOT NULL,
  `totalClusters` int(11) NOT NULL
) ENGINE=InnoDB DEFAULT CHARSET=utf8mb4;

--
-- Dumping data for table `vcenter`
--

INSERT INTO `vcenter` (`vCenterName`, `totalClusters`) VALUES
('vCenter_001', 26),
('vCenter_002', 27),
('vCenter_003', 26);

--
-- Indexes for dumped tables
--

--
-- Indexes for table `cluster`
--
ALTER TABLE `cluster`
  ADD PRIMARY KEY (`clusterName`),
  ADD KEY `Cluster_fk0` (`vCenter`);

--
-- Indexes for table `server`
--
ALTER TABLE `server`
  ADD KEY `server_fk0` (`parentCluster`),
  ADD KEY `parentCenter` (`parentCenter`);

--
-- Indexes for table `tblauthsessions`
--
ALTER TABLE `tblauthsessions`
  ADD PRIMARY KEY (`intAuthID`);

--
-- Indexes for table `user`
--
ALTER TABLE `user`
  ADD PRIMARY KEY (`userID`);

--
-- Indexes for table `vcenter`
--
ALTER TABLE `vcenter`
  ADD PRIMARY KEY (`vCenterName`);

--
-- AUTO_INCREMENT for dumped tables
--

--
-- AUTO_INCREMENT for table `tblauthsessions`
--
ALTER TABLE `tblauthsessions`
  MODIFY `intAuthID` int(11) NOT NULL AUTO_INCREMENT, AUTO_INCREMENT=110;

--
-- AUTO_INCREMENT for table `user`
--
ALTER TABLE `user`
  MODIFY `userID` int(11) NOT NULL AUTO_INCREMENT, AUTO_INCREMENT=2;

--
-- Constraints for dumped tables
--

--
-- Constraints for table `server`
--
ALTER TABLE `server`
  ADD CONSTRAINT `server_fk0` FOREIGN KEY (`parentCluster`) REFERENCES `cluster` (`clusterName`),
  ADD CONSTRAINT `server_fk1` FOREIGN KEY (`parentCenter`) REFERENCES `cluster` (`vCenter`),
  ADD CONSTRAINT `server_ibfk_1` FOREIGN KEY (`parentCenter`) REFERENCES `vcenter` (`vCenterName`);
COMMIT;

/*!40101 SET CHARACTER_SET_CLIENT=@OLD_CHARACTER_SET_CLIENT */;
/*!40101 SET CHARACTER_SET_RESULTS=@OLD_CHARACTER_SET_RESULTS */;
/*!40101 SET COLLATION_CONNECTION=@OLD_COLLATION_CONNECTION */;
